sofifa_id,player_url,short_name,long_name,player_positions,overall,potential,value_eur,wage_eur,age,dob,height_cm,weight_kg,club_team_id,club_name,league_name,league_level,club_position,club_jersey_number,club_loaned_from,club_joined,club_contract_valid_until,nationality_id,nationality_name,nation_team_id,nation_position,nation_jersey_number,preferred_foot,weak_foot,skill_moves,international_reputation,work_rate,body_type,real_face,release_clause_eur,player_tags,player_traits,pace,shooting,passing,dribbling,defending,physic,attacking_crossing,attacking_finishing,attacking_heading_accuracy,attacking_short_passing,attacking_volleys,skill_dribbling,skill_curve,skill_fk_accuracy,skill_long_passing,skill_ball_control,movement_acceleration,movement_sprint_speed,movement_agility,movement_reactions,movement_balance,power_shot_power,power_jumping,power_stamina,power_strength,power_long_shots,mentality_aggression,mentality_interceptions,mentality_positioning,mentality_vision,mentality_penalties,mentality_composure,defending_marking_awareness,defending_standing_tackle,defending_sliding_tackle,goalkeeping_diving,goalkeeping_handling,goalkeeping_kicking,goalkeeping_positioning,goalkeeping_reflexes,goalkeeping_speed,ls,st,rs,lw,lf,cf,rf,rw,lam,cam,ram,lm,lcm,cm,rcm,rm,lwb,ldm,cdm,rdm,rwb,lb,lcb,cb,rcb,rb,gk,player_face_url,club_logo_url,club_flag_url,nation_logo_url,nation_flag_url
210923,https://sofifa.com/player/210923/mohammed-al-owais/220002,M. Al Owais,Mohammed Al Owais,GK,70,70,1100000.0,16000.0,29,1991-10-10,187,79,112387.0,Al Ahli,Saudi Abdul L. Jameel League,1.0,GK,33.0,,2017-07-27,2022.0,183,Saudi Arabia,,,,Left,3,1,1,Medium/Medium,Lean (185+),No,1900000.0,,Comes For Crosses,,,,,,,14,20,20,27,12,14,16,16,26,17,44,49,37,67,61,42,74,35,62,12,17,24,10,65,19,57,13,20,13,74,64,56,68,74,46.0,28+2,28+2,28+2,27,29,29,29,27,31+2,31+2,31+2,29+2,31+2,31+2,31+2,29+2,27+2,28+2,28+2,28+2,27+2,27+2,28+2,28+2,28+2,27+2,69+1,https://cdn.sofifa.net/players/210/923/22_120.png,https://cdn.sofifa.net/teams/112387/60.png,https://cdn.sofifa.net/flags/sa.png,,https://cdn.sofifa.net/flags/sa.png
255368,https://sofifa.com/player/255368/nawaf-al-aqidi/220002,N. Al Aqidi,Nawaf Dhahi Al-Aqidi,GK,52,64,170000.0,2000.0,21,2000-05-10,188,83,112139.0,Al Nassr,Saudi Abdul L. Jameel League,1.0,RES,44.0,,2019-08-08,2024.0,183,Saudi Arabia,,,,Right,3,1,1,Medium/Medium,Lean (185+),No,323000.0,,,,,,,,,15,7,14,28,9,8,14,10,22,25,30,32,38,32,44,43,60,23,33,8,19,10,4,29,14,37,8,11,12,58,55,57,54,46,31.0,19+2,19+2,19+2,19,20,20,20,19,21+2,21+2,21+2,20+2,21+2,21+2,21+2,20+2,19+2,20+2,20+2,20+2,19+2,18+2,18+2,18+2,18+2,18+2,51+2,https://cdn.sofifa.net/players/255/368/22_120.png,https://cdn.sofifa.net/teams/112139/60.png,https://cdn.sofifa.net/flags/sa.png,,https://cdn.sofifa.net/flags/sa.png
213901,https://sofifa.com/player/213901/abdullah-madu/220002,A. Madu,Abdullah Mohammed Madu,CB,67,69,1100000.0,11000.0,27,1993-07-15,186,77,112139.0,Al Nassr,Saudi Abdul L. Jameel League,1.0,SUB,3.0,,2013-07-01,2022.0,183,Saudi Arabia,,,,Left,3,2,1,Low/Medium,Normal (185+),No,2000000.0,,,43.0,26.0,44.0,40.0,68.0,75.0,42,22,70,54,28,29,26,21,45,53,41,44,33,58,49,39,77,69,80,17,70,66,24,40,55,49,67,70,63,11,13,6,8,8,,42+2,42+2,42+2,39,39,39,39,39,40+2,40+2,40+2,43+2,48+2,48+2,48+2,43+2,57+2,61+2,61+2,61+2,57+2,59+2,67+2,67+2,67+2,59+2,15+2,https://cdn.sofifa.net/players/213/901/22_120.png,https://cdn.sofifa.net/teams/112139/60.png,https://cdn.sofifa.net/flags/sa.png,,https://cdn.sofifa.net/flags/sa.png
241938,https://sofifa.com/player/241938/nasser-al-dawsari/220002,N. Al Dawsari,Nasser Eissa Al-Dawsari,"LB, CM, CDM",65,76,1500000.0,7000.0,22,1998-12-19,178,68,605.0,Al Hilal,Saudi Abdul L. Jameel League,1.0,SUB,16.0,,2017-12-20,2023.0,183,Saudi Arabia,,,,Left,3,3,1,Medium/Medium,Normal (170-185),No,2900000.0,,Playmaker (AI),70.0,51.0,67.0,68.0,58.0,60.0,68,50,55,71,34,66,61,42,68,68,66,73,82,58,67,55,62,68,57,51,55,58,58,65,44,63,60,58,58,14,13,12,14,15,,59+2,59+2,59+2,64,62,62,62,64,65+2,65+2,65+2,65+2,65+2,65+2,65+2,65+2,64+2,63+2,63+2,63+2,64+2,63+2,59+2,59+2,59+2,63+2,19+2,https://cdn.sofifa.net/players/241/938/22_120.png,https://cdn.sofifa.net/teams/605/60.png,https://cdn.sofifa.net/flags/sa.png,,https://cdn.sofifa.net/flags/sa.png
229800,https://sofifa.com/player/229800/riyadh-sharahili/220002,R. Sharahili,Riyadh Sharahili,"CDM, CM",63,63,425000.0,3000.0,28,1993-04-28,185,77,113058.0,Abha Club,Saudi Abdul L. Jameel League,1.0,SUB,89.0,,2020-09-10,2024.0,183,Saudi Arabia,,,,Right,3,2,1,High/Medium,Normal (185+),No,701000.0,,,49.0,49.0,57.0,59.0,58.0,75.0,48,52,55,64,32,62,41,39,61,63,48,50,54,59,35,54,64,80,79,43,60,59,56,57,45,50,58,60,53,10,15,10,14,7,,56+2,56+2,56+2,56,57,57,57,56,58+2,58+2,58+2,58+2,61+2,61+2,61+2,58+2,59+2,62+1,62+1,62+1,59+2,58+2,60+2,60+2,60+2,58+2,17+2,https://cdn.sofifa.net/players/229/800/22_120.png,https://cdn.sofifa.net/teams/113058/60.png,https://cdn.sofifa.net/flags/sa.png,,https://cdn.sofifa.net/flags/sa.png
220075,https://sofifa.com/player/220075/mohamed-kanno/220002,M. Kanno,Mohammed Ibrahim Kanoo,"CM, CDM",70,73,2100000.0,20000.0,26,1994-09-22,191,67,605.0,Al Hilal,Saudi Abdul L. Jameel League,1.0,SUB,28.0,,2017-07-06,2022.0,183,Saudi Arabia,,,,Right,3,3,1,High/Medium,Lean (185+),No,3700000.0,,,72.0,69.0,68.0,70.0,67.0,75.0,66,66,67,72,56,70,56,52,70,72,70,74,73,66,61,76,65,79,76,72,68,66,68,66,62,67,68,69,62,10,15,9,13,11,,70+2,70+2,70+2,69,70,70,70,69,70+2,70+2,70+2,70+2,70+2,70+2,70+2,70+2,69+2,69+2,69+2,69+2,69+2,69+2,68+2,68+2,68+2,69+2,18+2,https://cdn.sofifa.net/players/220/075/22_120.png,https://cdn.sofifa.net/teams/605/60.png,https://cdn.sofifa.net/flags/sa.png,,https://cdn.sofifa.net/flags/sa.png
238043,https://sofifa.com/player/238043/abdulrahman-al-obud/220002,A. Al Obud,Abdulrahman Al Obud,"RM, LM",65,66,850000.0,9000.0,26,1995-06-01,174,70,607.0,Al Ittihad,Saudi Abdul L. Jameel League,1.0,SUB,24.0,,2019-07-04,2023.0,183,Saudi Arabia,,,,Right,2,3,1,Medium/Medium,Normal (170-185),No,1500000.0,,,85.0,60.0,53.0,67.0,39.0,55.0,53,61,48,58,47,68,48,37,44,68,84,86,71,58,75,65,59,64,59,58,33,41,63,55,52,47,39,36,32,8,5,12,14,14,,63+2,63+2,63+2,65,64,64,64,65,63+2,63+2,63+2,64+2,57+2,57+2,57+2,64+2,54+2,49+2,49+2,49+2,54+2,52+2,45+2,45+2,45+2,52+2,16+2,https://cdn.sofifa.net/players/238/043/22_120.png,https://cdn.sofifa.net/teams/607/60.png,https://cdn.sofifa.net/flags/sa.png,,https://cdn.sofifa.net/flags/sa.png
238545,https://sofifa.com/player/238545/firas-al-birekan/220002,F. Al Birekan,Firas Tariq Nasser Al-Buraikan,ST,58,72,500000.0,4000.0,21,2000-05-14,181,74,112390.0,Al Fateh,Saudi Abdul L. Jameel League,1.0,ST,19.0,,2021-07-08,2025.0,183,Saudi Arabia,,,,Left,3,2,1,Medium/Low,Lean (170-185),No,1100000.0,,,70.0,57.0,40.0,55.0,22.0,56.0,33,60,58,46,58,51,40,30,35,60,64,74,61,48,63,60,71,44,68,45,39,16,54,43,58,45,17,20,15,8,10,7,5,6,,58+2,58+2,58+2,53,55,55,55,53,52+2,52+2,52+2,51+2,44+2,44+2,44+2,51+2,37+2,35+2,35+2,35+2,37+2,36+2,35+2,35+2,35+2,36+2,12+2,https://cdn.sofifa.net/players/238/545/22_120.png,https://cdn.sofifa.net/teams/112390/60.png,https://cdn.sofifa.net/flags/sa.png,,https://cdn.sofifa.net/flags/sa.png
