sofifa_id,player_url,short_name,long_name,player_positions,overall,potential,value_eur,wage_eur,age,dob,height_cm,weight_kg,club_team_id,club_name,league_name,league_level,club_position,club_jersey_number,club_loaned_from,club_joined,club_contract_valid_until,nationality_id,nationality_name,nation_team_id,nation_position,nation_jersey_number,preferred_foot,weak_foot,skill_moves,international_reputation,work_rate,body_type,real_face,release_clause_eur,player_tags,player_traits,pace,shooting,passing,dribbling,defending,physic,attacking_crossing,attacking_finishing,attacking_heading_accuracy,attacking_short_passing,attacking_volleys,skill_dribbling,skill_curve,skill_fk_accuracy,skill_long_passing,skill_ball_control,movement_acceleration,movement_sprint_speed,movement_agility,movement_reactions,movement_balance,power_shot_power,power_jumping,power_stamina,power_strength,power_long_shots,mentality_aggression,mentality_interceptions,mentality_positioning,mentality_vision,mentality_penalties,mentality_composure,defending_marking_awareness,defending_standing_tackle,defending_sliding_tackle,goalkeeping_diving,goalkeeping_handling,goalkeeping_kicking,goalkeeping_positioning,goalkeeping_reflexes,goalkeeping_speed,ls,st,rs,lw,lf,cf,rf,rw,lam,cam,ram,lm,lcm,cm,rcm,rm,lwb,ldm,cdm,rdm,rwb,lb,lcb,cb,rcb,rb,gk,player_face_url,club_logo_url,club_flag_url,nation_logo_url,nation_flag_url
212772,https://sofifa.com/player/212772/oscar-duarte/220002,Ó. Duarte,Óscar Esau Duarte Gaitán,CB,73,73,2000000.0,20000.0,32,1989-06-03,186,81,1853.0,Levante Unión Deportiva,Spain Primera Division,1.0,RCB,6.0,,2019-08-01,2022.0,72,Costa Rica,,,,Right,3,2,1,Medium/Medium,Stocky (185+),Yes,4200000.0,,Injury Prone,49.0,47.0,51.0,54.0,75.0,76.0,40,48,77,60,46,49,37,32,63,59,46,51,48,67,48,56,74,64,83,40,75,73,35,46,37,68,76,76,72,15,9,7,8,14,,55+2,55+2,55+2,50,51,51,51,50,52+2,52+2,52+2,52+2,57+2,57+2,57+2,52+2,62+2,68+2,68+2,68+2,62+2,65+2,73,73,73,65+2,17+2,https://cdn.sofifa.net/players/212/772/22_120.png,https://cdn.sofifa.net/teams/1853/60.png,https://cdn.sofifa.net/flags/es.png,,https://cdn.sofifa.net/flags/cr.png
198335,https://sofifa.com/player/198335/bryan-oviedo/220002,B. Oviedo,Bryan Josué Oviedo Jiménez,LB,65,65,525000.0,5000.0,31,1990-02-18,172,70,819.0,F.C. København,Danish Superliga,1.0,SUB,19.0,,2019-07-29,2022.0,72,Costa Rica,,,,Left,3,3,1,High/Medium,Normal (170-185),Yes,683000.0,,Injury Prone,67.0,57.0,64.0,67.0,61.0,64.0,67,54,46,65,57,67,61,60,59,65,70,64,75,61,76,66,81,68,58,57,70,64,59,64,54,63,62,62,62,11,12,8,10,16,,60+2,60+2,60+2,64,62,62,62,64,63+2,63+2,63+2,64+1,63+2,63+2,63+2,64+1,65,63+2,63+2,63+2,65,63+2,62+2,62+2,62+2,63+2,17+2,https://cdn.sofifa.net/players/198/335/22_120.png,https://cdn.sofifa.net/teams/819/60.png,https://cdn.sofifa.net/flags/dk.png,,https://cdn.sofifa.net/flags/cr.png
232230,https://sofifa.com/player/232230/ronald-matarrita/220002,R. Matarrita,Ronald Alberto Matarrita Ulate,"LB, LM, LWB",71,72,2000000.0,5000.0,26,1994-07-09,175,70,113149.0,FC Cincinnati,USA Major League Soccer,1.0,LB,18.0,,2021-01-01,2021.0,72,Costa Rica,,,,Left,2,3,1,Medium/High,Normal (170-185),Yes,3100000.0,,"Injury Prone, Early Crosser",78.0,49.0,65.0,69.0,67.0,70.0,65,38,59,67,32,70,60,54,63,69,78,78,74,64,74,70,77,76,66,52,71,66,64,67,59,59,66,72,68,15,7,8,8,6,,61+2,61+2,61+2,65,64,64,64,65,65+2,65+2,65+2,67+2,66+2,66+2,66+2,67+2,69+2,68+2,68+2,68+2,69+2,69+2,68+2,68+2,68+2,69+2,15+2,https://cdn.sofifa.net/players/232/230/22_120.png,https://cdn.sofifa.net/teams/113149/60.png,https://cdn.sofifa.net/flags/us.png,,https://cdn.sofifa.net/flags/cr.png
204713,https://sofifa.com/player/204713/joel-campbell/220002,J. Campbell,Joel Nathaniel Campbell Samuels,"ST, RM",75,75,5500000.0,26000.0,29,1992-06-26,178,78,1032.0,CF Monterrey,Mexican Liga MX,1.0,SUB,8.0,Club León,,2022.0,72,Costa Rica,,,,Left,2,4,1,Medium/Medium,Normal (170-185),Yes,,,"Power Free-Kick, Flair, Outside Foot Shot, Technical Dribbler (AI)",81.0,75.0,73.0,77.0,41.0,75.0,73,75,65,77,68,79,72,69,70,75,82,81,85,70,68,80,80,66,81,72,70,45,76,71,70,74,32,40,42,8,15,14,15,14,,75,75,75,76-1,76-1,76-1,76-1,76-1,75,75,75,75,70+2,70+2,70+2,75,61+2,60+2,60+2,60+2,61+2,59+2,55+2,55+2,55+2,59+2,19+2,https://cdn.sofifa.net/players/204/713/22_120.png,https://cdn.sofifa.net/teams/1032/60.png,https://cdn.sofifa.net/flags/mx.png,,https://cdn.sofifa.net/flags/cr.png
