sofifa_id,player_url,short_name,long_name,player_positions,overall,potential,value_eur,wage_eur,age,dob,height_cm,weight_kg,club_team_id,club_name,league_name,league_level,club_position,club_jersey_number,club_loaned_from,club_joined,club_contract_valid_until,nationality_id,nationality_name,nation_team_id,nation_position,nation_jersey_number,preferred_foot,weak_foot,skill_moves,international_reputation,work_rate,body_type,real_face,release_clause_eur,player_tags,player_traits,pace,shooting,passing,dribbling,defending,physic,attacking_crossing,attacking_finishing,attacking_heading_accuracy,attacking_short_passing,attacking_volleys,skill_dribbling,skill_curve,skill_fk_accuracy,skill_long_passing,skill_ball_control,movement_acceleration,movement_sprint_speed,movement_agility,movement_reactions,movement_balance,power_shot_power,power_jumping,power_stamina,power_strength,power_long_shots,mentality_aggression,mentality_interceptions,mentality_positioning,mentality_vision,mentality_penalties,mentality_composure,defending_marking_awareness,defending_standing_tackle,defending_sliding_tackle,goalkeeping_diving,goalkeeping_handling,goalkeeping_kicking,goalkeeping_positioning,goalkeeping_reflexes,goalkeeping_speed,ls,st,rs,lw,lf,cf,rf,rw,lam,cam,ram,lm,lcm,cm,rcm,rm,lwb,ldm,cdm,rdm,rwb,lb,lcb,cb,rcb,rb,gk,player_face_url,club_logo_url,club_flag_url,nation_logo_url,nation_flag_url
191655,https://sofifa.com/player/191655/seung-gyu-kim/220002,Kim Seung Gyu,김승규 金承奎,GK,69,69,925000.0,4000.0,30,1990-09-30,187,84,101145.0,Kashiwa Reysol,Japanese J. League Division 1,1.0,GK,17.0,,2020-01-10,2022.0,167,Korea Republic,,,,Right,2,1,2,Medium/Medium,Normal (185+),Yes,1200000.0,,"GK Long Throw, Cautious With Crosses",,,,,,,14,12,11,45,14,13,16,12,25,25,36,36,38,66,58,50,68,35,47,20,27,25,16,59,12,60,15,18,12,70,64,67,68,72,36.0,28+2,28+2,28+2,28,31,31,31,28,33+2,33+2,33+2,30+2,35+2,35+2,35+2,30+2,28+2,31+2,31+2,31+2,28+2,27+2,27+2,27+2,27+2,27+2,68+1,https://cdn.sofifa.net/players/191/655/22_120.png,https://cdn.sofifa.net/teams/101145/60.png,https://cdn.sofifa.net/flags/jp.png,,https://cdn.sofifa.net/flags/kr.png
212432,https://sofifa.com/player/212432/hyeon-woo-jo/220002,Jo Hyeon Woo,조현우 崔永宇,GK,75,77,4700000.0,9000.0,29,1991-09-25,189,75,1473.0,Ulsan Hyundai FC,Korean K League 1,1.0,GK,21.0,,2020-01-20,2022.0,167,Korea Republic,,,,Right,3,1,1,Medium/Medium,Lean (185+),No,6500000.0,,"Comes For Crosses, Saves with Feet",,,,,,,11,18,16,28,18,12,19,15,23,18,52,50,31,72,53,45,56,29,33,14,19,17,12,63,19,63,29,18,16,76,71,60,73,81,51.0,28+2,28+2,28+2,28,30,30,30,28,31+2,31+2,31+2,29+2,30+2,30+2,30+2,29+2,27+2,28+2,28+2,28+2,27+2,28+2,26+2,26+2,26+2,28+2,74+2,https://cdn.sofifa.net/players/212/432/22_120.png,https://cdn.sofifa.net/teams/1473/60.png,https://cdn.sofifa.net/flags/kr.png,,https://cdn.sofifa.net/flags/kr.png
237086,https://sofifa.com/player/237086/min-jae-kim/220002,Kim Min Jae,김민재 金敏在,CB,74,81,8000000.0,30000.0,24,1996-11-15,190,81,326.0,Fenerbahçe SK,Turkish Süper Lig,1.0,CB,3.0,,2021-08-13,2025.0,167,Korea Republic,,,,Right,2,3,1,Medium/Medium,Normal (185+),No,16800000.0,,"Dives Into Tackles (AI), Long Passer (AI)",77.0,32.0,56.0,61.0,73.0,79.0,35,23,73,73,24,54,21,23,66,65,73,80,64,72,75,44,75,73,86,37,69,71,48,57,30,67,72,75,73,13,7,11,14,11,,55+2,55+2,55+2,56,56,56,56,56,59+2,59+2,59+2,59+2,64+2,64+2,64+2,59+2,67+2,71+2,71+2,71+2,67+2,69+2,74+2,74+2,74+2,69+2,18+2,https://cdn.sofifa.net/players/237/086/22_120.png,https://cdn.sofifa.net/teams/326/60.png,https://cdn.sofifa.net/flags/tr.png,,https://cdn.sofifa.net/flags/kr.png
221671,https://sofifa.com/player/221671/jae-sung-lee/220002,Lee Jae Sung,이재성 李在成,"CM, CF, CAM",75,75,5500000.0,24000.0,28,1992-08-10,180,70,169.0,1. FSV Mainz 05,German 1. Bundesliga,1.0,SUB,7.0,,2021-07-08,2024.0,167,Korea Republic,,,,Left,4,3,2,High/High,Lean (170-185),No,9900000.0,#Engine,"Solid Player, Flair, Playmaker (AI), Team Player, Technical Dribbler (AI)",69.0,57.0,75.0,78.0,53.0,62.0,68,52,55,80,61,77,68,54,72,78,73,65,83,75,82,58,55,88,48,62,67,55,73,80,50,78,45,58,53,14,7,15,6,8,,65+2,65+2,65+2,72,71,71,71,72,75,75,75,74+1,75,75,75,74+1,67+2,67+2,67+2,67+2,67+2,65+2,57+2,57+2,57+2,65+2,16+2,https://cdn.sofifa.net/players/221/671/22_120.png,https://cdn.sofifa.net/teams/169/60.png,https://cdn.sofifa.net/flags/de.png,,https://cdn.sofifa.net/flags/kr.png
211927,https://sofifa.com/player/211927/chang-hoon-kwon/220002,Kwon Chang Hoon,권창훈 权昶勋,"RM, CF",73,73,3200000.0,6000.0,27,1994-06-30,173,72,983.0,Suwon Samsung Bluewings,Korean K League 1,1.0,RCM,22.0,,2021-05-26,2021.0,167,Korea Republic,,,,Left,3,4,1,Medium/Medium,Normal (170-185),No,4000000.0,,"Flair, Playmaker (AI), Technical Dribbler (AI)",71.0,67.0,72.0,77.0,49.0,55.0,72,65,62,74,63,75,75,66,64,76,75,67,86,73,86,68,53,60,48,73,68,54,70,73,55,76,41,50,49,7,16,9,8,8,,68+2,68+2,68+2,73,72,72,72,73,73,73,73,72+1,69+2,69+2,69+2,72+1,63+2,61+2,61+2,61+2,63+2,61+2,55+2,55+2,55+2,61+2,17+2,https://cdn.sofifa.net/players/211/927/22_120.png,https://cdn.sofifa.net/teams/983/60.png,https://cdn.sofifa.net/flags/kr.png,,https://cdn.sofifa.net/flags/kr.png
239138,https://sofifa.com/player/239138/woo-yeong-jeong/220002,Jeong Woo Yeong,정우영 Woo Yeong Jeong,"RM, CF",70,78,3600000.0,11000.0,21,1999-09-20,179,69,25.0,Sport-Club Freiburg,German 1. Bundesliga,1.0,LS,29.0,,2019-07-01,2023.0,167,Korea Republic,,,,Right,4,4,1,Medium/Medium,Lean (170-185),No,7200000.0,,"Speed Dribbler (AI), Technical Dribbler (AI)",82.0,57.0,60.0,75.0,35.0,57.0,63,62,51,66,56,75,46,36,51,74,81,82,88,62,84,55,46,67,54,50,55,30,64,63,48,58,34,32,36,12,6,9,7,7,,64+2,64+2,64+2,69,67,67,67,69,68+2,68+2,68+2,69+2,61+2,61+2,61+2,69+2,55+2,50+2,50+2,50+2,55+2,53+2,44+2,44+2,44+2,53+2,14+2,https://cdn.sofifa.net/players/239/138/22_120.png,https://cdn.sofifa.net/teams/25/60.png,https://cdn.sofifa.net/flags/de.png,,https://cdn.sofifa.net/flags/kr.png
243780,https://sofifa.com/player/243780/kangin-lee/220002,Kangin Lee,이강인 Kang-In Lee,"ST, CAM, RM",74,82,9500000.0,18000.0,20,2001-02-19,173,68,453.0,RCD Mallorca,Spain Primera Division,1.0,SUB,19.0,,2021-08-30,2025.0,167,Korea Republic,,,,Left,3,4,1,High/Low,Lean (170-185),No,22800000.0,,"Long Shot Taker (AI), Technical Dribbler (AI)",72.0,75.0,75.0,79.0,30.0,54.0,70,75,65,76,74,80,76,81,72,78,71,73,81,73,87,76,36,46,60,77,55,29,77,78,70,69,26,23,28,11,12,12,8,14,,74+2,74+2,74+2,76,76,76,76,76,77+2,77+2,77+2,74+2,69+2,69+2,69+2,74+2,53+2,52+2,52+2,52+2,53+2,50+2,44+2,44+2,44+2,50+2,18+2,https://cdn.sofifa.net/players/243/780/22_120.png,https://cdn.sofifa.net/teams/453/60.png,https://cdn.sofifa.net/flags/es.png,,https://cdn.sofifa.net/flags/kr.png
200104,https://sofifa.com/player/200104/heung-min-son/220002,H. Son,손흥민 孙兴慜,"LM, CF, LW",89,89,104000000.0,220000.0,28,1992-07-08,183,78,18.0,Tottenham Hotspur,English Premier League,1.0,LW,7.0,,2015-08-28,2025.0,167,Korea Republic,,,,Right,5,4,4,High/High,Unique,Yes,197600000.0,"#Dribbler, #Engine, #Distance Shooter, #Acrobat, #Clinical Finisher, #Complete Forward","Solid Player, Finesse Shot, Long Shot Taker (AI), Speed Dribbler (AI), Technical Dribbler (AI)",88.0,87.0,82.0,86.0,43.0,69.0,83,88,68,84,78,87,85,74,74,84,85,90,86,91,78,88,60,88,64,89,62,39,91,83,73,89,50,34,33,11,13,13,6,10,,85+3,85+3,85+3,87,87,87,87,87,86+3,86+3,86+3,86+3,80+3,80+3,80+3,86+3,68+3,64+3,64+3,64+3,68+3,64+3,54+3,54+3,54+3,64+3,19+3,https://cdn.sofifa.net/players/200/104/22_120.png,https://cdn.sofifa.net/teams/18/60.png,https://cdn.sofifa.net/flags/gb-eng.png,,https://cdn.sofifa.net/flags/kr.png
226380,https://sofifa.com/player/226380/hee-chan-hwang/220002,Hwang Hee Chan,황희찬 黄喜灿,ST,75,78,7500000.0,58000.0,25,1996-01-26,177,77,110.0,Wolverhampton Wanderers,English Premier League,1.0,SUB,26.0,RB Leipzig,,2022.0,167,Korea Republic,,,,Right,4,3,1,High/Medium,Normal (170-185),Yes,,#Acrobat,Technical Dribbler (AI),84.0,75.0,70.0,78.0,28.0,68.0,69,78,61,74,75,79,61,44,65,76,91,79,91,75,71,74,83,74,67,71,57,22,77,77,72,74,28,23,24,11,7,10,11,15,,75+2,75+2,75+2,77,77,77,77,77,77+1,77+1,77+1,76+2,69+2,69+2,69+2,76+2,56+2,52+2,52+2,52+2,56+2,52+2,44+2,44+2,44+2,52+2,18+2,https://cdn.sofifa.net/players/226/380/22_120.png,https://cdn.sofifa.net/teams/110/60.png,https://cdn.sofifa.net/flags/gb-eng.png,,https://cdn.sofifa.net/flags/kr.png
