,sofifa_id,player_url,short_name,long_name,player_positions,overall,potential,value_eur,wage_eur,age,dob,height_cm,weight_kg,club_team_id,club_name,league_name,league_level,club_position,club_jersey_number,club_loaned_from,club_joined,club_contract_valid_until,nationality_id,nationality_name,nation_team_id,nation_position,nation_jersey_number,preferred_foot,weak_foot,skill_moves,international_reputation,work_rate,body_type,real_face,release_clause_eur,player_tags,player_traits,pace,shooting,passing,dribbling,defending,physic,attacking_crossing,attacking_finishing,attacking_heading_accuracy,attacking_short_passing,attacking_volleys,skill_dribbling,skill_curve,skill_fk_accuracy,skill_long_passing,skill_ball_control,movement_acceleration,movement_sprint_speed,movement_agility,movement_reactions,movement_balance,power_shot_power,power_jumping,power_stamina,power_strength,power_long_shots,mentality_aggression,mentality_interceptions,mentality_positioning,mentality_vision,mentality_penalties,mentality_composure,defending_marking_awareness,defending_standing_tackle,defending_sliding_tackle,goalkeeping_diving,goalkeeping_handling,goalkeeping_kicking,goalkeeping_positioning,goalkeeping_reflexes,goalkeeping_speed,ls,st,rs,lw,lf,cf,rf,rw,lam,cam,ram,lm,lcm,cm,rcm,rm,lwb,ldm,cdm,rdm,rwb,lb,lcb,cb,rcb,rb,gk,player_face_url,club_logo_url,club_flag_url,nation_logo_url,nation_flag_url
1547,189908,https://sofifa.com/player/189908/lukasz-skorupski/220002,Ł. Skorupski,Łukasz Skorupski,GK,75,76,4200000.0,22000.0,30,1991-05-05,187,84,189.0,Bologna,Italian Serie A,1.0,GK,28.0,,2018-07-01,2023.0,37,Poland,1353.0,SUB,12.0,Right,2,1,2,Medium/Medium,Normal (185+),No,7500000.0,,Comes For Crosses,,,,,,,19,11,10,29,17,18,12,19,26,23,51,51,48,68,38,41,66,31,58,15,33,17,13,32,22,58,18,12,12,78,72,54,74,81,51.0,28+2,28+2,28+2,28,28,28,28,28,28+2,28+2,28+2,29+2,27+2,27+2,27+2,29+2,27+2,27+2,27+2,27+2,27+2,26+2,26+2,26+2,26+2,26+2,74+2,https://cdn.sofifa.net/players/189/908/22_120.png,https://cdn.sofifa.net/teams/189/60.png,https://cdn.sofifa.net/flags/it.png,https://cdn.sofifa.net/teams/1353/60.png,https://cdn.sofifa.net/flags/pl.png
6882,224302,https://sofifa.com/player/224302/mateusz-wieteska/220002,M. Wieteska,Mateusz Wieteska,CB,68,73,1600000.0,4000.0,24,1997-02-11,187,82,1871.0,Legia Warszawa,Polish T-Mobile Ekstraklasa,1.0,CB,4.0,,2018-06-14,2023.0,37,Poland,,,,Right,3,2,1,Medium/Medium,Lean (185+),No,2400000.0,,,62.0,33.0,46.0,49.0,67.0,72.0,33,36,71,62,32,34,29,24,49,58,58,66,65,64,56,38,88,68,72,19,72,67,41,40,39,72,64,69,65,15,12,13,16,9,,50+2,50+2,50+2,47,48,48,48,47,48+2,48+2,48+2,49+2,53+2,53+2,53+2,49+2,60+2,63+2,63+2,63+2,60+2,62+2,68+2,68+2,68+2,62+2,19+2,https://cdn.sofifa.net/players/224/302/22_120.png,https://cdn.sofifa.net/teams/1871/60.png,https://cdn.sofifa.net/flags/pl.png,,https://cdn.sofifa.net/flags/pl.png
1318,220570,https://sofifa.com/player/220570/jan-bednarek/220002,J. Bednarek,Jan Bednarek,CB,76,82,10500000.0,42000.0,25,1996-04-12,189,77,17.0,Southampton,English Premier League,1.0,SUB,35.0,,2017-07-01,2025.0,37,Poland,1353.0,LCB,5.0,Right,3,2,1,Medium/High,Lean (185+),Yes,22100000.0,,Dives Into Tackles (AI),52.0,22.0,53.0,55.0,78.0,77.0,44,19,77,65,20,50,23,26,55,59,50,54,52,77,59,25,81,71,80,23,78,81,26,52,32,62,76,78,74,11,13,16,7,9,,46+2,46+2,46+2,48,47,47,47,48,51+2,51+2,51+2,52+2,58+2,58+2,58+2,52+2,66+2,71+2,71+2,71+2,66+2,69+2,76+2,76+2,76+2,69+2,18+2,https://cdn.sofifa.net/players/220/570/22_120.png,https://cdn.sofifa.net/teams/17/60.png,https://cdn.sofifa.net/flags/gb-eng.png,https://cdn.sofifa.net/teams/1353/60.png,https://cdn.sofifa.net/flags/pl.png
2573,199763,https://sofifa.com/player/199763/bartosz-bereszynski/220002,B. Bereszyński,Bartosz Bereszyński,RB,73,73,2800000.0,15000.0,28,1992-07-12,183,77,1837.0,U.C. Sampdoria,Italian Serie A,1.0,RB,24.0,,2017-01-04,2023.0,37,Poland,1353.0,RCB,18.0,Right,3,3,1,High/Medium,Normal (170-185),No,4800000.0,,,84.0,56.0,64.0,69.0,67.0,73.0,67,50,60,68,56,68,60,50,62,70,83,85,73,68,72,64,69,84,68,60,71,67,60,60,50,69,66,69,68,9,8,16,7,15,,64+2,64+2,64+2,67,66,66,66,67,66+2,66+2,66+2,68+2,66+2,66+2,66+2,68+2,71+2,68+2,68+2,68+2,71+2,71+2,68+2,68+2,68+2,71+2,16+2,https://cdn.sofifa.net/players/199/763/22_120.png,https://cdn.sofifa.net/teams/1837/60.png,https://cdn.sofifa.net/flags/it.png,https://cdn.sofifa.net/teams/1353/60.png,https://cdn.sofifa.net/flags/pl.png
10780,251633,https://sofifa.com/player/251633/michal-skoras/220002,M. Skóraś,Michał Skóraś,RM,65,78,1800000.0,2000.0,21,2000-02-15,172,64,873.0,Lech Poznań,Polish T-Mobile Ekstraklasa,1.0,RM,21.0,,2017-10-29,2023.0,37,Poland,,,,Right,3,3,1,High/Medium,Normal (170-185),No,3600000.0,,Speed Dribbler (AI),82.0,51.0,59.0,65.0,36.0,64.0,60,56,48,62,45,65,49,40,56,61,84,80,85,57,75,51,56,83,56,39,64,41,60,60,52,55,44,23,28,7,12,9,8,8,,58+2,58+2,58+2,63,61,61,61,63,62+2,62+2,62+2,64+2,58+2,58+2,58+2,64+2,55+2,51+2,51+2,51+2,55+2,52+2,45+2,45+2,45+2,52+2,14+2,https://cdn.sofifa.net/players/251/633/22_120.png,https://cdn.sofifa.net/teams/873/60.png,https://cdn.sofifa.net/flags/pl.png,,https://cdn.sofifa.net/flags/pl.png
13273,262113,https://sofifa.com/player/262113/nicola-zalewski/220002,N. Zalewski,Nicola Zalewski,CAM,63,77,1100000.0,5000.0,19,2002-01-23,175,75,52.0,Roma,Italian Serie A,1.0,RES,59.0,,2019-07-01,2024.0,37,Poland,1353.0,SUB,22.0,Right,3,2,1,Medium/Medium,Normal (170-185),No,2600000.0,,,66.0,57.0,61.0,70.0,42.0,48.0,58,55,42,66,59,73,57,57,60,72,68,64,55,57,72,72,57,51,44,46,51,31,55,58,63,63,46,43,46,10,5,7,8,15,,59+2,59+2,59+2,63,63,63,63,63,63+2,63+2,63+2,63+2,59+2,59+2,59+2,63+2,54+2,52+2,52+2,52+2,54+2,52+2,47+2,47+2,47+2,52+2,15+2,https://cdn.sofifa.net/players/262/113/22_120.png,https://cdn.sofifa.net/teams/52/60.png,https://cdn.sofifa.net/flags/it.png,https://cdn.sofifa.net/teams/1353/60.png,https://cdn.sofifa.net/flags/pl.png
3867,177922,https://sofifa.com/player/177922/kamil-grosicki/220002,K. Grosicki,Kamil Grosicki,LM,71,71,1200000.0,7000.0,33,1988-06-08,180,78,110746.0,Pogoń Szczecin,Polish T-Mobile Ekstraklasa,1.0,SUB,11.0,,2021-08-21,2023.0,37,Poland,,,,Right,3,3,1,Medium/Low,Normal (170-185),Yes,1600000.0,,"Long Shot Taker (AI), Outside Foot Shot",78.0,71.0,70.0,72.0,38.0,58.0,71,68,69,67,72,71,73,78,70,72,79,78,79,67,74,74,52,54,66,75,43,48,70,71,65,68,36,28,20,16,10,15,14,11,,71,71,71,71,71,71,71,71,71,71,71,70+1,66+2,66+2,66+2,70+1,55+2,53+2,53+2,53+2,55+2,52+2,47+2,47+2,47+2,52+2,19+2,https://cdn.sofifa.net/players/177/922/22_120.png,https://cdn.sofifa.net/teams/110746/60.png,https://cdn.sofifa.net/flags/pl.png,,https://cdn.sofifa.net/flags/pl.png
2792,224301,https://sofifa.com/player/224301/karol-swiderski/220002,K. Świderski,Karol Świderski,ST,73,78,4700000.0,1000.0,24,1997-01-23,184,78,393.0,PAOK,Greek Super League,1.0,ST,9.0,,2019-01-20,2024.0,37,Poland,1353.0,SUB,11.0,Left,3,3,1,High/Medium,Normal (170-185),No,10700000.0,,,68.0,74.0,61.0,71.0,31.0,71.0,50,78,71,70,67,69,61,35,59,75,69,68,72,71,65,73,59,74,75,69,60,33,77,65,69,75,31,21,19,14,12,11,12,7,,73+2,73+2,73+2,70,72,72,72,70,71+2,71+2,71+2,69+2,65+2,65+2,65+2,69+2,52+2,52+2,52+2,52+2,52+2,49+2,46+2,46+2,46+2,49+2,18+2,https://cdn.sofifa.net/players/224/301/22_120.png,https://cdn.sofifa.net/teams/393/60.png,https://cdn.sofifa.net/flags/gr.png,https://cdn.sofifa.net/teams/1353/60.png,https://cdn.sofifa.net/flags/pl.png
1328,223113,https://sofifa.com/player/223113/krzysztof-piatek/220002,K. Piątek,Krzysztof Piątek,ST,76,79,10000000.0,44000.0,26,1995-07-01,183,77,166.0,Hertha BSC,German 1. Bundesliga,1.0,RES,9.0,,2020-01-30,2025.0,37,Poland,1353.0,SUB,23.0,Right,3,3,2,Medium/Medium,Normal (170-185),Yes,17800000.0,,,75.0,77.0,53.0,72.0,36.0,71.0,51,81,77,64,74,70,60,40,35,75,71,78,69,75,62,78,80,72,76,67,54,31,81,52,73,75,33,34,24,10,15,10,6,13,,76+2,76+2,76+2,70,73,73,73,70,68+2,68+2,68+2,68+2,60+2,60+2,60+2,68+2,53+2,50+2,50+2,50+2,53+2,52+2,50+2,50+2,50+2,52+2,18+2,https://cdn.sofifa.net/players/223/113/22_120.png,https://cdn.sofifa.net/teams/166/60.png,https://cdn.sofifa.net/flags/de.png,https://cdn.sofifa.net/teams/1353/60.png,https://cdn.sofifa.net/flags/pl.png
