,sofifa_id,player_url,short_name,long_name,player_positions,overall,potential,value_eur,wage_eur,age,dob,height_cm,weight_kg,club_team_id,club_name,league_name,league_level,club_position,club_jersey_number,club_loaned_from,club_joined,club_contract_valid_until,nationality_id,nationality_name,nation_team_id,nation_position,nation_jersey_number,preferred_foot,weak_foot,skill_moves,international_reputation,work_rate,body_type,real_face,release_clause_eur,player_tags,player_traits,pace,shooting,passing,dribbling,defending,physic,attacking_crossing,attacking_finishing,attacking_heading_accuracy,attacking_short_passing,attacking_volleys,skill_dribbling,skill_curve,skill_fk_accuracy,skill_long_passing,skill_ball_control,movement_acceleration,movement_sprint_speed,movement_agility,movement_reactions,movement_balance,power_shot_power,power_jumping,power_stamina,power_strength,power_long_shots,mentality_aggression,mentality_interceptions,mentality_positioning,mentality_vision,mentality_penalties,mentality_composure,defending_marking_awareness,defending_standing_tackle,defending_sliding_tackle,goalkeeping_diving,goalkeeping_handling,goalkeeping_kicking,goalkeeping_positioning,goalkeeping_reflexes,goalkeeping_speed,ls,st,rs,lw,lf,cf,rf,rw,lam,cam,ram,lm,lcm,cm,rcm,rm,lwb,ldm,cdm,rdm,rwb,lb,lcb,cb,rcb,rb,gk,player_face_url,club_logo_url,club_flag_url,nation_logo_url,nation_flag_url
403,182494,https://sofifa.com/player/182494/fernando-muslera/220002,F. Muslera,Néstor Fernando Muslera Micol,GK,80,80,2300000.0,32000.0,35,1986-06-16,190,74,325.0,Galatasaray SK,Turkish Süper Lig,1.0,GK,1.0,,2011-08-11,2024.0,60,Uruguay,,,,Right,2,1,3,Medium/Medium,Normal (185+),No,4600000.0,,"Leadership, GK Long Throw, Team Player, Rushes Out Of Goal",,,,,,,15,10,12,44,10,25,14,10,47,27,60,62,68,78,62,54,84,40,68,10,32,23,13,62,24,60,12,16,16,78,80,72,82,79,61.0,32+3,32+3,32+3,35,36,36,36,35,39+3,39+3,39+3,37+3,39+3,39+3,39+3,37+3,32+3,35+3,35+3,35+3,32+3,31+3,30+3,30+3,30+3,31+3,79+1,https://cdn.sofifa.net/players/182/494/22_120.png,https://cdn.sofifa.net/teams/325/60.png,https://cdn.sofifa.net/flags/tr.png,,https://cdn.sofifa.net/flags/uy.png
3798,253306,https://sofifa.com/player/253306/manuel-ugarte/220002,M. Ugarte,Manuel Ugarte Ribeiro,"CM, CDM",72,84,5500000.0,7000.0,20,2001-04-11,182,77,237.0,Sporting CP,Portuguese Liga ZON SAGRES,1.0,SUB,15.0,,2021-08-09,2026.0,60,Uruguay,,,,Right,3,3,1,High/High,Normal (170-185),No,12100000.0,,Dives Into Tackles (AI),68.0,59.0,63.0,71.0,69.0,70.0,46,61,39,74,39,73,43,38,72,74,67,68,66,73,59,54,49,75,72,64,65,73,69,67,42,54,69,75,73,6,10,16,8,13,,64+2,64+2,64+2,68,68,68,68,68,70+2,70+2,70+2,68+2,72+2,72+2,72+2,68+2,69+2,72+2,72+2,72+2,69+2,69+2,68+2,68+2,68+2,69+2,17+2,https://cdn.sofifa.net/players/253/306/22_120.png,https://cdn.sofifa.net/teams/237/60.png,https://cdn.sofifa.net/flags/pt.png,,https://cdn.sofifa.net/flags/uy.png
840,240699,https://sofifa.com/player/240699/nicolas-de-la-cruz/220002,N. De la Cruz,Diego Nicolás De La Cruz Arcosa,"CM, CAM, LW",78,84,22000000.0,17000.0,24,1997-06-01,167,65,1876.0,River Plate,Argentina Primera División,1.0,RAM,11.0,,2017-08-15,2022.0,60,Uruguay,,,,Right,4,4,1,High/High,Normal (170-),No,35200000.0,"#Engine, #Acrobat","Long Shot Taker (AI), Speed Dribbler (AI)",84.0,75.0,77.0,81.0,69.0,67.0,72,73,69,79,72,81,83,76,72,78,86,83,92,77,86,80,83,93,44,75,87,71,79,80,69,82,64,74,64,9,6,9,7,9,,75+2,75+2,75+2,79,79,79,79,79,79+2,79+2,79+2,79+2,78+2,78+2,78+2,79+2,76+2,74+2,74+2,74+2,76+2,75+2,70+2,70+2,70+2,75+2,15+2,https://cdn.sofifa.net/players/240/699/22_120.png,https://cdn.sofifa.net/teams/1876/60.png,https://cdn.sofifa.net/flags/ar.png,,https://cdn.sofifa.net/flags/uy.png
5406,253283,https://sofifa.com/player/253283/facundo-pellistri/220002,F. Pellistri,Facundo Pellistri Rebollo,RM,70,86,4100000.0,27000.0,19,2001-12-20,175,65,463.0,Deportivo Alavés,Spain Primera Division,1.0,SUB,18.0,Manchester United,,2022.0,60,Uruguay,,,,Right,3,3,1,High/Medium,Lean (170-185),No,,,Technical Dribbler (AI),79.0,63.0,65.0,74.0,27.0,61.0,67,62,50,68,56,74,61,62,58,71,78,79,84,65,84,68,73,74,61,61,42,31,66,64,66,65,35,11,18,9,12,7,8,7,,65+2,65+2,65+2,70,68,68,68,70,68+2,68+2,68+2,69+2,62+2,62+2,62+2,69+2,53+2,48+2,48+2,48+2,53+2,49+2,40+2,40+2,40+2,49+2,15+2,https://cdn.sofifa.net/players/253/283/22_120.png,https://cdn.sofifa.net/teams/463/60.png,https://cdn.sofifa.net/flags/es.png,,https://cdn.sofifa.net/flags/uy.png
468,223959,https://sofifa.com/player/223959/lucas-torreira/220002,L. Torreira,Lucas Torreira Di Pascua,"CDM, CM",80,84,26500000.0,77000.0,25,1996-02-11,166,60,110374.0,Fiorentina,Italian Serie A,1.0,SUB,18.0,Arsenal,,2022.0,60,Uruguay,,,,Right,3,3,2,Medium/High,Normal (170-),Yes,,,,74.0,67.0,74.0,79.0,79.0,75.0,71,61,59,78,65,77,70,72,73,79,76,72,86,77,90,78,52,84,68,74,86,83,68,74,48,78,80,82,76,5,5,13,7,9,,70+2,70+2,70+2,74,73,73,73,74,75+2,75+2,75+2,75+2,77+2,77+2,77+2,75+2,78+2,79+2,79+2,79+2,78+2,77+2,76+2,76+2,76+2,77+2,15+2,https://cdn.sofifa.net/players/223/959/22_120.png,https://cdn.sofifa.net/teams/110374/60.png,https://cdn.sofifa.net/flags/it.png,,https://cdn.sofifa.net/flags/uy.png
