,sofifa_id,player_url,short_name,long_name,player_positions,overall,potential,value_eur,wage_eur,age,dob,height_cm,weight_kg,club_team_id,club_name,league_name,league_level,club_position,club_jersey_number,club_loaned_from,club_joined,club_contract_valid_until,nationality_id,nationality_name,nation_team_id,nation_position,nation_jersey_number,preferred_foot,weak_foot,skill_moves,international_reputation,work_rate,body_type,real_face,release_clause_eur,player_tags,player_traits,pace,shooting,passing,dribbling,defending,physic,attacking_crossing,attacking_finishing,attacking_heading_accuracy,attacking_short_passing,attacking_volleys,skill_dribbling,skill_curve,skill_fk_accuracy,skill_long_passing,skill_ball_control,movement_acceleration,movement_sprint_speed,movement_agility,movement_reactions,movement_balance,power_shot_power,power_jumping,power_stamina,power_strength,power_long_shots,mentality_aggression,mentality_interceptions,mentality_positioning,mentality_vision,mentality_penalties,mentality_composure,defending_marking_awareness,defending_standing_tackle,defending_sliding_tackle,goalkeeping_diving,goalkeeping_handling,goalkeeping_kicking,goalkeeping_positioning,goalkeeping_reflexes,goalkeeping_speed,ls,st,rs,lw,lf,cf,rf,rw,lam,cam,ram,lm,lcm,cm,rcm,rm,lwb,ldm,cdm,rdm,rwb,lb,lcb,cb,rcb,rb,gk,player_face_url,club_logo_url,club_flag_url,nation_logo_url,nation_flag_url
6174,241746,https://sofifa.com/player/241746/yassine-meriah/220002,Y. Meriah,Yassine Meriah,CB,69,71,1500000.0,550.0,27,1993-07-02,188,83,111701.0,Al Ain FC,UAE Arabian Gulf League,1.0,RCB,20.0,,2021-07-28,2023.0,145,Tunisia,,,,Right,2,2,1,Low/Medium,Normal (185+),No,3300000.0,,,71.0,49.0,51.0,58.0,70.0,72.0,31,34,66,63,46,57,25,32,68,58,72,70,65,60,58,69,87,65,74,63,73,70,38,46,66,54,69,72,68,6,6,12,5,14,,55+2,55+2,55+2,53,55,55,55,53,55+2,55+2,55+2,55+2,59+2,59+2,59+2,55+2,62+2,66+2,66+2,66+2,62+2,64+2,69+2,69+2,69+2,64+2,14+2,https://cdn.sofifa.net/players/241/746/22_120.png,https://cdn.sofifa.net/teams/111701/60.png,https://cdn.sofifa.net/flags/ae.png,,https://cdn.sofifa.net/flags/tn.png
12228,264008,https://sofifa.com/player/264008/wajdi-kechrida/220002,W. Kechrida,Wajdi Kechrida,"RB, CDM, RM",64,69,800000.0,8000.0,25,1995-11-05,184,75,110373.0,US Salernitana 1919,Italian Serie A,1.0,RM,24.0,,2021-07-31,2023.0,145,Tunisia,,,,Right,2,2,1,High/Medium,Lean (170-185),No,1500000.0,,Speed Dribbler (AI),68.0,34.0,48.0,59.0,63.0,58.0,60,31,49,55,35,61,35,42,30,60,71,66,51,55,59,34,55,58,57,32,60,57,54,44,46,53,56,75,72,14,11,14,7,11,,49+2,49+2,49+2,55,52,52,52,55,52+2,52+2,52+2,55+2,51+2,51+2,51+2,55+2,62+2,57+2,57+2,57+2,62+2,62+2,61+2,61+2,61+2,62+2,16+2,https://cdn.sofifa.net/players/264/008/22_120.png,https://cdn.sofifa.net/teams/110373/60.png,https://cdn.sofifa.net/flags/it.png,,https://cdn.sofifa.net/flags/tn.png
14144,258171,https://sofifa.com/player/258171/hannibal-mejbri/220002,H. Mejbri,Hannibal Mejbri,"CAM, CM",62,84,1300000.0,6000.0,18,2003-01-21,182,70,11.0,Manchester United,English Premier League,1.0,RES,46.0,,2020-07-01,2026.0,145,Tunisia,,,,Right,3,3,1,High/Medium,Lean (170-185),No,3700000.0,,"Flair, Playmaker (AI), Outside Foot Shot, Technical Dribbler (AI)",69.0,51.0,61.0,64.0,52.0,58.0,59,50,42,63,45,64,61,46,60,62,69,69,76,62,62,54,40,62,53,50,70,52,64,62,46,65,50,56,52,9,5,10,11,7,,57+2,57+2,57+2,62,61,61,61,62,62+2,62+2,62+2,62+2,61+2,61+2,61+2,62+2,59+2,58+2,58+2,58+2,59+2,58+2,54+2,54+2,54+2,58+2,14+2,https://cdn.sofifa.net/players/258/171/22_120.png,https://cdn.sofifa.net/teams/11/60.png,https://cdn.sofifa.net/flags/gb-eng.png,,https://cdn.sofifa.net/flags/tn.png
6182,242041,https://sofifa.com/player/242041/mohamed-drager/220002,M. Dräger,Mohamed Dräger,RB,69,74,1900000.0,19000.0,25,1996-06-25,178,74,14.0,Nottingham Forest,English League Championship,2.0,SUB,25.0,,2021-08-31,2024.0,145,Tunisia,,,,Right,3,3,1,Medium/Medium,Normal (170-185),No,3800000.0,,,80.0,59.0,60.0,67.0,64.0,62.0,66,57,63,64,58,66,52,48,56,66,84,77,77,67,74,62,49,69,56,60,70,65,60,56,60,56,64,65,64,12,9,8,9,10,,63+2,63+2,63+2,66,64,64,64,66,64+2,64+2,64+2,66+2,62+2,62+2,62+2,66+2,67+2,64+2,64+2,64+2,67+2,67+2,64+2,64+2,64+2,67+2,16+2,https://cdn.sofifa.net/players/242/041/22_120.png,https://cdn.sofifa.net/teams/14/60.png,https://cdn.sofifa.net/flags/gb-eng.png,,https://cdn.sofifa.net/flags/tn.png
1627,205257,https://sofifa.com/player/205257/naim-sliti/220002,N. Sliti,Naïm Sliti,"LM, CAM",75,75,5500000.0,29000.0,28,1992-07-27,173,78,112096.0,Ettifaq FC,Saudi Abdul L. Jameel League,1.0,SUB,10.0,,2019-08-11,2022.0,145,Tunisia,,,,Right,3,4,1,Medium/Medium,Stocky (170-185),No,9100000.0,,"Injury Prone, Long Shot Taker (AI), Playmaker (AI), Technical Dribbler (AI)",72.0,71.0,72.0,78.0,34.0,68.0,70,71,49,75,71,79,70,65,64,77,73,72,79,71,80,71,67,76,67,72,61,32,73,75,70,74,31,35,27,8,15,15,11,12,,70+2,70+2,70+2,74,74,74,74,74,74+1,74+1,74+1,74+1,69+2,69+2,69+2,74+1,58+2,56+2,56+2,56+2,58+2,53+2,47+2,47+2,47+2,53+2,18+2,https://cdn.sofifa.net/players/205/257/22_120.png,https://cdn.sofifa.net/teams/112096/60.png,https://cdn.sofifa.net/flags/sa.png,,https://cdn.sofifa.net/flags/tn.png
