,sofifa_id,player_url,short_name,long_name,player_positions,overall,potential,value_eur,wage_eur,age,dob,height_cm,weight_kg,club_team_id,club_name,league_name,league_level,club_position,club_jersey_number,club_loaned_from,club_joined,club_contract_valid_until,nationality_id,nationality_name,nation_team_id,nation_position,nation_jersey_number,preferred_foot,weak_foot,skill_moves,international_reputation,work_rate,body_type,real_face,release_clause_eur,player_tags,player_traits,pace,shooting,passing,dribbling,defending,physic,attacking_crossing,attacking_finishing,attacking_heading_accuracy,attacking_short_passing,attacking_volleys,skill_dribbling,skill_curve,skill_fk_accuracy,skill_long_passing,skill_ball_control,movement_acceleration,movement_sprint_speed,movement_agility,movement_reactions,movement_balance,power_shot_power,power_jumping,power_stamina,power_strength,power_long_shots,mentality_aggression,mentality_interceptions,mentality_positioning,mentality_vision,mentality_penalties,mentality_composure,defending_marking_awareness,defending_standing_tackle,defending_sliding_tackle,goalkeeping_diving,goalkeeping_handling,goalkeeping_kicking,goalkeeping_positioning,goalkeeping_reflexes,goalkeeping_speed,ls,st,rs,lw,lf,cf,rf,rw,lam,cam,ram,lm,lcm,cm,rcm,rm,lwb,ldm,cdm,rdm,rwb,lb,lcb,cb,rcb,rb,gk,player_face_url,club_logo_url,club_flag_url,nation_logo_url,nation_flag_url
476,227290,https://sofifa.com/player/227290/marko-dmitrovic/220002,M. Dmitrović,Marko Dmitrović,GK,80,81,16000000.0,26000.0,29,1992-01-24,194,94,481.0,Sevilla FC,Spain Primera Division,1.0,SUB,1.0,,2021-07-04,2025.0,51,Serbia,,,,Left,2,1,1,Medium/Medium,Stocky (185+),Yes,34800000.0,,"GK Long Throw, Team Player",,,,,,,30,20,20,40,20,8,20,18,40,9,39,35,32,76,37,59,50,45,79,17,20,17,9,45,58,59,19,22,20,77,79,78,80,81,37.0,30+2,30+2,30+2,26,28,28,28,26,29+2,29+2,29+2,29+2,32+2,32+2,32+2,29+2,30+2,32+2,32+2,32+2,30+2,30+2,30+2,30+2,30+2,30+2,79+2,https://cdn.sofifa.net/players/227/290/22_120.png,https://cdn.sofifa.net/teams/481/60.png,https://cdn.sofifa.net/flags/es.png,,https://cdn.sofifa.net/flags/rs.png
8593,258718,https://sofifa.com/player/258718/marko-ilic/220002,M. Ilic,Marko Ilić,GK,67,74,1700000.0,3000.0,23,1998-02-03,191,81,100081.0,KV Kortrijk,Belgian Jupiler Pro League,1.0,GK,31.0,,2020-09-10,2024.0,51,Serbia,,,,Right,2,1,1,Medium/Medium,Normal (185+),No,2800000.0,,,,,,,,,11,9,11,17,8,15,13,14,24,14,38,39,36,67,28,44,58,32,71,7,29,13,7,45,19,47,12,12,14,71,63,59,61,69,38.0,24+2,24+2,24+2,22,24,24,24,22,24+2,24+2,24+2,24+2,24+2,24+2,24+2,24+2,22+2,24+2,24+2,24+2,22+2,22+2,24+2,24+2,24+2,22+2,66+2,https://cdn.sofifa.net/players/258/718/22_120.png,https://cdn.sofifa.net/teams/100081/60.png,https://cdn.sofifa.net/flags/be.png,,https://cdn.sofifa.net/flags/rs.png
843,241727,https://sofifa.com/player/241727/predrag-rajkovic/220002,P. Rajković,Predrag Rajković,GK,78,83,16500000.0,20000.0,25,1995-10-31,191,85,379.0,Stade de Reims,French Ligue 1,1.0,GK,1.0,,2019-06-21,2023.0,51,Serbia,,,,Right,2,1,2,Medium/Medium,Normal (185+),No,34200000.0,,Long Passer (AI),,,,,,,13,9,13,26,8,8,14,10,25,18,30,18,32,73,29,56,35,26,66,10,25,10,4,42,20,32,11,10,10,77,76,74,79,81,25.0,24+2,24+2,24+2,21,23,23,23,21,24+2,24+2,24+2,22+2,25+2,25+2,25+2,22+2,21+2,24+2,24+2,24+2,21+2,20+2,22+2,22+2,22+2,20+2,77+2,https://cdn.sofifa.net/players/241/727/22_120.png,https://cdn.sofifa.net/teams/379/60.png,https://cdn.sofifa.net/flags/fr.png,,https://cdn.sofifa.net/flags/rs.png
1416,238095,https://sofifa.com/player/238095/nikola-milenkovic/220002,N. Milenković,Nikola Milenković,"CB, RB",76,83,14000000.0,36000.0,23,1997-10-12,195,90,110374.0,Fiorentina,Italian Serie A,1.0,RCB,4.0,,2017-07-10,2023.0,51,Serbia,,,,Right,3,2,2,Medium/High,Normal (185+),No,26600000.0,,Solid Player,66.0,44.0,61.0,62.0,76.0,81.0,66,38,70,68,35,60,34,22,66,68,68,65,50,74,40,60,73,76,85,54,80,76,22,55,34,70,77,78,77,8,7,13,7,14,,56+2,56+2,56+2,58,56,56,56,58,58+2,58+2,58+2,61+2,63+2,63+2,63+2,61+2,72+2,73+2,73+2,73+2,72+2,73+2,76+2,76+2,76+2,73+2,16+2,https://cdn.sofifa.net/players/238/095/22_120.png,https://cdn.sofifa.net/teams/110374/60.png,https://cdn.sofifa.net/flags/it.png,,https://cdn.sofifa.net/flags/rs.png
850,244253,https://sofifa.com/player/244253/uros-racic/220002,U. Račić,Uroš Račić,"CM, CDM",78,85,28000000.0,31000.0,23,1998-03-17,193,81,461.0,Valencia CF,Spain Primera Division,1.0,LCM,8.0,,2018-07-01,2024.0,51,Serbia,,,,Right,4,3,1,Medium/Medium,Normal (185+),No,64400000.0,,,66.0,75.0,75.0,74.0,78.0,81.0,70,72,75,80,66,74,70,55,77,81,60,70,62,76,57,80,75,79,87,78,68,76,73,76,72,75,77,81,74,11,12,9,14,7,,75+2,75+2,75+2,74,75,75,75,74,75+2,75+2,75+2,74+2,78+2,78+2,78+2,74+2,76+2,78+2,78+2,78+2,76+2,75+2,77+2,77+2,77+2,75+2,18+2,https://cdn.sofifa.net/players/244/253/22_120.png,https://cdn.sofifa.net/teams/461/60.png,https://cdn.sofifa.net/flags/es.png,,https://cdn.sofifa.net/flags/rs.png
542,193198,https://sofifa.com/player/193198/nemanja-gudelj/220002,N. Gudelj,Nemanja Gudelj,"CDM, CM, CB",79,79,15000000.0,30000.0,29,1991-11-16,187,73,481.0,Sevilla FC,Spain Primera Division,1.0,SUB,6.0,,2019-07-23,2023.0,51,Serbia,,,,Right,2,3,2,Low/Medium,Normal (185+),No,31500000.0,,Long Shot Taker (AI),60.0,70.0,79.0,70.0,75.0,83.0,74,58,69,84,69,66,80,79,77,79,58,61,60,75,53,85,67,84,85,81,83,78,65,74,74,80,74,76,71,8,11,8,14,12,,70+2,70+2,70+2,70,71,71,71,70,72+2,72+2,72+2,72+2,77+2,77+2,77+2,72+2,75+2,78+1,78+1,78+1,75+2,74+2,76+2,76+2,76+2,74+2,18+2,https://cdn.sofifa.net/players/193/198/22_120.png,https://cdn.sofifa.net/teams/481/60.png,https://cdn.sofifa.net/flags/es.png,,https://cdn.sofifa.net/flags/rs.png
90,223848,https://sofifa.com/player/223848/sergej-milinkovic-savic/220002,S. Milinković-Savić,Sergej Milinković-Savić,"CM, CDM, CAM",85,87,66000000.0,100000.0,26,1995-02-27,191,76,46.0,Lazio,Italian Serie A,1.0,RCM,21.0,,2015-08-06,2024.0,51,Serbia,,,,Right,5,4,3,High/Medium,Normal (185+),Yes,117200000.0,,"Power Header, Outside Foot Shot",68.0,79.0,80.0,81.0,79.0,86.0,64,80,86,85,74,84,80,78,85,86,66,70,62,83,63,83,85,91,87,80,79,78,79,82,56,84,78,79,74,7,10,7,16,7,,81+3,81+3,81+3,79,81,81,81,79,81+3,81+3,81+3,80+3,84+3,84+3,84+3,80+3,78+3,82+3,82+3,82+3,78+3,78+3,81+3,81+3,81+3,78+3,18+3,https://cdn.sofifa.net/players/223/848/22_120.png,https://cdn.sofifa.net/teams/46/60.png,https://cdn.sofifa.net/flags/it.png,,https://cdn.sofifa.net/flags/rs.png
1280,212127,https://sofifa.com/player/212127/darko-lazovic/220002,D. Lazović,Darko Lazović,"LM, RM",76,76,7000000.0,26000.0,30,1990-09-15,181,66,206.0,Hellas Verona,Italian Serie A,1.0,LM,8.0,,2019-08-06,2022.0,51,Serbia,,,,Right,3,3,1,Medium/Medium,Lean (170-185),No,11900000.0,,"Speed Dribbler (AI), Outside Foot Shot",85.0,68.0,72.0,77.0,61.0,56.0,78,64,54,73,70,78,68,74,68,76,82,88,80,68,79,76,44,82,39,72,67,60,70,68,49,68,62,64,62,14,10,11,11,9,,69+2,69+2,69+2,75,73,73,73,75,73+2,73+2,73+2,75+1,71+2,71+2,71+2,75+1,72+2,67+2,67+2,67+2,72+2,70+2,61+2,61+2,61+2,70+2,17+2,https://cdn.sofifa.net/players/212/127/22_120.png,https://cdn.sofifa.net/teams/206/60.png,https://cdn.sofifa.net/flags/it.png,,https://cdn.sofifa.net/flags/rs.png
856,246430,https://sofifa.com/player/246430/dusan-vlahovic/220002,D. Vlahović,Dušan Vlahović,ST,78,85,29000000.0,43000.0,21,2000-01-28,190,75,110374.0,Fiorentina,Italian Serie A,1.0,ST,9.0,,2018-06-26,2023.0,51,Serbia,,,,Left,3,3,2,Medium/Medium,Normal (185+),No,55100000.0,,,75.0,78.0,58.0,73.0,28.0,76.0,50,83,75,68,68,74,66,37,50,80,73,76,61,78,52,78,68,79,82,70,58,22,82,60,74,68,18,26,24,5,15,6,11,10,,78+2,78+2,78+2,73,76,76,76,73,72+2,72+2,72+2,71+2,65+2,65+2,65+2,71+2,52+2,50+2,50+2,50+2,52+2,50+2,46+2,46+2,46+2,50+2,17+2,https://cdn.sofifa.net/players/246/430/22_120.png,https://cdn.sofifa.net/teams/110374/60.png,https://cdn.sofifa.net/flags/it.png,,https://cdn.sofifa.net/flags/rs.png
