,sofifa_id,player_url,short_name,long_name,player_positions,overall,potential,value_eur,wage_eur,age,dob,height_cm,weight_kg,club_team_id,club_name,league_name,league_level,club_position,club_jersey_number,club_loaned_from,club_joined,club_contract_valid_until,nationality_id,nationality_name,nation_team_id,nation_position,nation_jersey_number,preferred_foot,weak_foot,skill_moves,international_reputation,work_rate,body_type,real_face,release_clause_eur,player_tags,player_traits,pace,shooting,passing,dribbling,defending,physic,attacking_crossing,attacking_finishing,attacking_heading_accuracy,attacking_short_passing,attacking_volleys,skill_dribbling,skill_curve,skill_fk_accuracy,skill_long_passing,skill_ball_control,movement_acceleration,movement_sprint_speed,movement_agility,movement_reactions,movement_balance,power_shot_power,power_jumping,power_stamina,power_strength,power_long_shots,mentality_aggression,mentality_interceptions,mentality_positioning,mentality_vision,mentality_penalties,mentality_composure,defending_marking_awareness,defending_standing_tackle,defending_sliding_tackle,goalkeeping_diving,goalkeeping_handling,goalkeeping_kicking,goalkeeping_positioning,goalkeeping_reflexes,goalkeeping_speed,ls,st,rs,lw,lf,cf,rf,rw,lam,cam,ram,lm,lcm,cm,rcm,rm,lwb,ldm,cdm,rdm,rwb,lb,lcb,cb,rcb,rb,gk,player_face_url,club_logo_url,club_flag_url,nation_logo_url,nation_flag_url
2111,207998,https://sofifa.com/player/207998/danny-ward/220002,D. Ward,Danny Ward,GK,74,74,3000000.0,53000.0,28,1993-06-22,191,88,95.0,Leicester City,English Premier League,1.0,SUB,12.0,,2018-07-21,2022.0,50,Wales,1367.0,GK,12.0,Right,3,1,1,Medium/Medium,Normal (185+),Yes,5700000.0,,,,,,,,,13,11,13,30,13,19,15,14,42,23,46,44,38,70,53,50,67,22,60,16,32,20,7,38,20,56,8,20,18,75,72,66,73,75,45.0,28+2,28+2,28+2,27,28,28,28,27,29+2,29+2,29+2,28+2,30+2,30+2,30+2,28+2,26+2,29+2,29+2,29+2,26+2,26+2,27+2,27+2,27+2,26+2,73+1,https://cdn.sofifa.net/players/207/998/22_120.png,https://cdn.sofifa.net/teams/95/60.png,https://cdn.sofifa.net/flags/gb-eng.png,https://cdn.sofifa.net/teams/1367/60.png,https://cdn.sofifa.net/flags/gb-wls.png
1777,225147,https://sofifa.com/player/225147/connor-roberts/220002,C. Roberts,Connor Roberts,"RWB, RB",75,78,7000000.0,28000.0,25,1995-09-23,175,76,1796.0,Burnley,English Premier League,1.0,SUB,14.0,,2021-08-31,2025.0,50,Wales,1367.0,RB,14.0,Right,4,3,1,High/Medium,Normal (170-185),Yes,13800000.0,,Long Throw-in,80.0,48.0,65.0,67.0,68.0,72.0,73,48,53,71,35,67,45,47,58,67,79,80,71,68,70,50,67,91,65,50,69,69,61,62,41,62,68,72,68,6,12,8,12,13,,60+2,60+2,60+2,66,64,64,64,66,65+2,65+2,65+2,69+2,66+2,66+2,66+2,69+2,73+2,69+2,69+2,69+2,73+2,72+2,67+2,67+2,67+2,72+2,17+2,https://cdn.sofifa.net/players/225/147/22_120.png,https://cdn.sofifa.net/teams/1796/60.png,https://cdn.sofifa.net/flags/gb-eng.png,https://cdn.sofifa.net/teams/1367/60.png,https://cdn.sofifa.net/flags/gb-wls.png
3778,248687,https://sofifa.com/player/248687/ben-cabango/220002,B. Cabango,Benjamin Cabango,CB,72,82,4900000.0,14000.0,21,2000-05-30,188,81,1960.0,Swansea City,English League Championship,2.0,RCB,5.0,,2018-07-01,2023.0,50,Wales,,,,Right,2,2,1,Medium/Medium,Stocky (185+),No,10300000.0,,,65.0,28.0,42.0,48.0,72.0,74.0,31,24,68,61,26,38,29,25,39,57,63,67,45,71,57,36,77,63,80,26,70,74,27,29,38,55,71,74,72,8,11,7,9,9,,46+2,46+2,46+2,45,45,45,45,45,45+2,45+2,45+2,47+2,50+2,50+2,50+2,47+2,62+2,64+2,64+2,64+2,62+2,65+2,72+2,72+2,72+2,65+2,16+2,https://cdn.sofifa.net/players/248/687/22_120.png,https://cdn.sofifa.net/teams/1960/60.png,https://cdn.sofifa.net/flags/gb-eng.png,,https://cdn.sofifa.net/flags/gb-wls.png
7066,235735,https://sofifa.com/player/235735/ethan-ampadu/220002,E. Ampadu,Ethan Ampadu,"CB, CDM, CM",68,82,2700000.0,21000.0,20,2000-09-14,183,78,205.0,Venezia FC,Italian Serie A,1.0,RES,99.0,Chelsea,,2022.0,50,Wales,1367.0,SUB,15.0,Right,3,2,2,Medium/Medium,Lean (170-185),Yes,,,Dives Into Tackles (AI),61.0,30.0,55.0,62.0,68.0,67.0,27,23,63,72,25,59,34,27,65,64,63,60,58,67,68,52,76,61,68,22,69,66,29,59,33,64,69,69,67,13,12,9,8,12,,49+2,49+2,49+2,51,52,52,52,51,56+2,56+2,56+2,55+2,60+2,60+2,60+2,55+2,61+2,67+2,67+2,67+2,61+2,62+2,68+2,68+2,68+2,62+2,17+2,https://cdn.sofifa.net/players/235/735/22_120.png,https://cdn.sofifa.net/teams/205/60.png,https://cdn.sofifa.net/flags/it.png,https://cdn.sofifa.net/teams/1367/60.png,https://cdn.sofifa.net/flags/gb-wls.png
1060,232104,https://sofifa.com/player/232104/daniel-james/220002,D. James,Daniel James,"RM, LM",77,82,16000000.0,62000.0,23,1997-11-10,171,76,8.0,Leeds United,English Premier League,1.0,SUB,20.0,,2021-08-31,2026.0,50,Wales,1367.0,LM,10.0,Right,4,3,1,High/High,Normal (170-185),Yes,31600000.0,#Speedster,"Solid Player, Long Shot Taker (AI), Speed Dribbler (AI)",95.0,72.0,70.0,76.0,46.0,63.0,75,72,44,74,58,73,74,54,58,76,96,95,85,75,83,79,53,83,52,69,70,42,73,68,64,69,54,45,34,7,6,11,15,9,,72+2,72+2,72+2,77,75,75,75,77,74+2,74+2,74+2,76+2,69+2,69+2,69+2,76+2,65+2,60+2,60+2,60+2,65+2,62+2,53+2,53+2,53+2,62+2,17+2,https://cdn.sofifa.net/players/232/104/22_120.png,https://cdn.sofifa.net/teams/8/60.png,https://cdn.sofifa.net/flags/gb-eng.png,https://cdn.sofifa.net/teams/1367/60.png,https://cdn.sofifa.net/flags/gb-wls.png
1736,220710,https://sofifa.com/player/220710/harry-wilson/220002,H. Wilson,Harry Wilson,"CAM, RM",75,81,9000000.0,42000.0,24,1997-03-22,173,70,144.0,Fulham,English League Championship,2.0,RM,8.0,,2021-07-24,2026.0,50,Wales,1367.0,SUB,8.0,Left,3,3,1,High/Medium,Normal (170-185),Yes,18900000.0,,"Long Shot Taker (AI), Outside Foot Shot",77.0,78.0,75.0,75.0,45.0,56.0,76,75,46,74,71,73,86,85,68,75,79,75,79,75,84,84,43,72,54,83,42,40,75,76,78,75,48,45,40,7,13,9,15,7,,72+2,72+2,72+2,75,75,75,75,75,75+2,75+2,75+2,75+2,71+2,71+2,71+2,75+2,62+2,59+2,59+2,59+2,62+2,59+2,50+2,50+2,50+2,59+2,18+2,https://cdn.sofifa.net/players/220/710/22_120.png,https://cdn.sofifa.net/teams/144/60.png,https://cdn.sofifa.net/flags/gb-eng.png,https://cdn.sofifa.net/teams/1367/60.png,https://cdn.sofifa.net/flags/gb-wls.png
