,sofifa_id,player_url,short_name,long_name,player_positions,overall,potential,value_eur,wage_eur,age,dob,height_cm,weight_kg,club_team_id,club_name,league_name,league_level,club_position,club_jersey_number,club_loaned_from,club_joined,club_contract_valid_until,nationality_id,nationality_name,nation_team_id,nation_position,nation_jersey_number,preferred_foot,weak_foot,skill_moves,international_reputation,work_rate,body_type,real_face,release_clause_eur,player_tags,player_traits,pace,shooting,passing,dribbling,defending,physic,attacking_crossing,attacking_finishing,attacking_heading_accuracy,attacking_short_passing,attacking_volleys,skill_dribbling,skill_curve,skill_fk_accuracy,skill_long_passing,skill_ball_control,movement_acceleration,movement_sprint_speed,movement_agility,movement_reactions,movement_balance,power_shot_power,power_jumping,power_stamina,power_strength,power_long_shots,mentality_aggression,mentality_interceptions,mentality_positioning,mentality_vision,mentality_penalties,mentality_composure,defending_marking_awareness,defending_standing_tackle,defending_sliding_tackle,goalkeeping_diving,goalkeeping_handling,goalkeeping_kicking,goalkeeping_positioning,goalkeeping_reflexes,goalkeeping_speed,ls,st,rs,lw,lf,cf,rf,rw,lam,cam,ram,lm,lcm,cm,rcm,rm,lwb,ldm,cdm,rdm,rwb,lb,lcb,cb,rcb,rb,gk,player_face_url,club_logo_url,club_flag_url,nation_logo_url,nation_flag_url
211,188943,https://sofifa.com/player/188943/kevin-trapp/220002,K. Trapp,Kevin Trapp,GK,82,82,20500000.0,31000.0,30,1990-07-08,189,88,1824.0,Eintracht Frankfurt,German 1. Bundesliga,1.0,GK,1.0,,2019-08-07,2024.0,21,Germany,1337.0,SUB,22.0,Right,4,1,3,Medium/Medium,Normal (185+),Yes,34900000.0,,"Leadership, Rushes Out Of Goal, Comes For Crosses",,,,,,,13,13,11,25,12,10,14,12,12,24,45,52,42,82,37,59,75,45,73,13,30,22,12,46,17,62,15,14,10,82,78,79,82,84,48.0,30+3,30+3,30+3,27,30,30,30,27,29+3,29+3,29+3,28+3,28+3,28+3,28+3,28+3,28+3,28+3,28+3,28+3,28+3,28+3,28+3,28+3,28+3,28+3,81+1,https://cdn.sofifa.net/players/188/943/22_120.png,https://cdn.sofifa.net/teams/1824/60.png,https://cdn.sofifa.net/flags/de.png,https://cdn.sofifa.net/teams/1337/60.png,https://cdn.sofifa.net/flags/de.png
8,192448,https://sofifa.com/player/192448/marc-andre-ter-stegen/220002,M. ter Stegen,Marc-André ter Stegen,GK,90,92,99000000.0,250000.0,29,1992-04-30,187,85,241.0,FC Barcelona,Spain Primera Division,1.0,GK,1.0,,2014-07-01,2025.0,21,Germany,,,,Right,4,1,4,Medium/Medium,Unique,Yes,210400000.0,,"Rushes Out Of Goal, Comes For Crosses, Saves with Feet",,,,,,,18,14,11,61,14,21,18,12,63,30,38,50,39,86,43,66,79,35,78,10,43,22,11,70,25,70,25,13,10,88,85,88,88,90,43.0,35+3,35+3,35+3,35,38,38,38,35,42+3,42+3,42+3,39+3,45+3,45+3,45+3,39+3,33+3,41+3,41+3,41+3,33+3,31+3,33+3,33+3,33+3,31+3,88+3,https://cdn.sofifa.net/players/192/448/22_120.png,https://cdn.sofifa.net/teams/241/60.png,https://cdn.sofifa.net/flags/es.png,,https://cdn.sofifa.net/flags/de.png
170,205452,https://sofifa.com/player/205452/antonio-rudiger/220002,A. Rüdiger,Antonio Rüdiger,CB,83,84,34500000.0,130000.0,28,1993-03-03,190,85,5.0,Chelsea,English Premier League,1.0,LCB,2.0,,2017-07-09,2022.0,21,Germany,1337.0,LCB,2.0,Right,3,2,2,Medium/High,Lean (185+),Yes,66400000.0,#Strength,Long Passer (AI),75.0,43.0,68.0,64.0,84.0,84.0,68,32,81,76,34,60,35,56,73,69,64,84,56,82,50,72,84,69,88,44,92,81,39,59,40,72,85,86,82,14,15,10,12,8,,61+2,61+2,61+2,61,61,61,61,61,62+2,62+2,62+2,65+2,68+2,68+2,68+2,65+2,76+2,79+2,79+2,79+2,76+2,78+2,83+1,83+1,83+1,78+2,20+2,https://cdn.sofifa.net/players/205/452/22_120.png,https://cdn.sofifa.net/teams/5/60.png,https://cdn.sofifa.net/flags/gb-eng.png,https://cdn.sofifa.net/teams/1337/60.png,https://cdn.sofifa.net/flags/de.png
1346,226229,https://sofifa.com/player/226229/thilo-kehrer/220002,T. Kehrer,Jan Thilo Kehrer,"CB, RB",76,81,10000000.0,49000.0,24,1996-09-21,186,76,73.0,Paris Saint-Germain,French Ligue 1,1.0,SUB,24.0,,2018-08-16,2023.0,21,Germany,1337.0,LB,4.0,Right,5,2,3,Medium/Medium,Normal (185+),Yes,19300000.0,,,68.0,44.0,65.0,66.0,77.0,78.0,64,37,76,73,32,65,54,38,66,67,68,68,68,69,64,65,84,74,80,40,76,76,53,59,41,69,75,78,79,9,9,14,10,12,,60+3,60+3,60+3,61,61,61,61,61,62+3,62+3,62+3,64+3,66+3,66+3,66+3,64+3,72+3,73+3,73+3,73+3,72+3,73+3,76+3,76+3,76+3,73+3,17+3,https://cdn.sofifa.net/players/226/229/22_120.png,https://cdn.sofifa.net/teams/73/60.png,https://cdn.sofifa.net/flags/fr.png,https://cdn.sofifa.net/teams/1337/60.png,https://cdn.sofifa.net/flags/de.png
244,212190,https://sofifa.com/player/212190/niklas-sule/220002,N. Süle,Niklas Süle,"CB, RB",82,87,40500000.0,78000.0,25,1995-09-03,195,99,21.0,FC Bayern München,German 1. Bundesliga,1.0,LCB,4.0,,2017-07-01,2022.0,21,Germany,1337.0,RCB,15.0,Right,3,2,3,Medium/Medium,Stocky (185+),Yes,69900000.0,"#Aerial Threat, #Strength",Injury Prone,65.0,42.0,59.0,51.0,83.0,81.0,34,22,84,78,33,43,28,30,69,62,48,79,33,79,32,77,39,63,93,62,85,80,26,57,32,75,81,86,82,15,7,14,7,15,,56+3,56+3,56+3,51,54,54,54,51,56+3,56+3,56+3,54+3,64+3,64+3,64+3,54+3,69+3,76+3,76+3,76+3,69+3,73+3,81+3,81+3,81+3,73+3,19+3,https://cdn.sofifa.net/players/212/190/22_120.png,https://cdn.sofifa.net/teams/21/60.png,https://cdn.sofifa.net/flags/de.png,https://cdn.sofifa.net/teams/1337/60.png,https://cdn.sofifa.net/flags/de.png
579,209846,https://sofifa.com/player/209846/christian-gunter/220002,C. Günter,Christian Günter,"LB, LM, LWB",79,79,16000000.0,32000.0,28,1993-02-28,184,83,25.0,Sport-Club Freiburg,German 1. Bundesliga,1.0,LB,30.0,,2012-07-01,2024.0,21,Germany,,,,Left,2,3,2,High/Medium,Stocky (170-185),Yes,28800000.0,,"Solid Player, Early Crosser, Speed Dribbler (AI)",83.0,55.0,70.0,70.0,74.0,81.0,84,49,66,69,39,72,75,68,64,69,77,88,64,77,64,73,53,87,80,54,84,75,65,59,44,71,73,76,74,9,15,9,8,14,,67+2,67+2,67+2,69,68,68,68,69,67+2,67+2,67+2,72+2,68+2,68+2,68+2,72+2,77+2,73+2,73+2,73+2,77+2,77+2,74+2,74+2,74+2,77+2,19+2,https://cdn.sofifa.net/players/209/846/22_120.png,https://cdn.sofifa.net/teams/25/60.png,https://cdn.sofifa.net/flags/de.png,,https://cdn.sofifa.net/flags/de.png
3055,247819,https://sofifa.com/player/247819/nico-schlotterbeck/220002,N. Schlotterbeck,Nico Schlotterbeck,CB,73,83,6500000.0,14000.0,21,1999-12-01,191,86,25.0,Sport-Club Freiburg,German 1. Bundesliga,1.0,LCB,4.0,,2019-03-09,2023.0,21,Germany,1337.0,SUB,5.0,Left,3,2,1,Medium/Medium,Normal (185+),No,13000000.0,,,69.0,29.0,47.0,53.0,75.0,75.0,29,21,71,59,29,47,36,35,54,58,62,75,53,73,52,51,67,68,82,26,68,75,25,42,38,59,76,77,74,8,10,8,14,13,,49+2,49+2,49+2,47,48,48,48,47,49+2,49+2,49+2,50+2,54+2,54+2,54+2,50+2,64+2,67+2,67+2,67+2,64+2,67+2,73+2,73+2,73+2,67+2,18+2,https://cdn.sofifa.net/players/247/819/22_120.png,https://cdn.sofifa.net/teams/25/60.png,https://cdn.sofifa.net/flags/de.png,https://cdn.sofifa.net/teams/1337/60.png,https://cdn.sofifa.net/flags/de.png
2964,236703,https://sofifa.com/player/236703/david-raum/220002,D. Raum,David Raum,"LB, LM",73,80,6000000.0,20000.0,23,1998-04-22,180,75,10029.0,TSG Hoffenheim,German 1. Bundesliga,1.0,LB,17.0,,2021-07-01,2025.0,21,Germany,1337.0,SUB,17.0,Left,3,3,1,High/Medium,Normal (170-185),No,11400000.0,,Long Passer (AI),86.0,59.0,66.0,74.0,64.0,70.0,76,57,57,69,52,72,66,37,59,76,87,85,77,70,76,64,63,82,67,65,62,68,59,63,49,68,59,68,66,11,8,14,12,6,,66+2,66+2,66+2,71,69,69,69,71,69+2,69+2,69+2,72+2,68+2,68+2,68+2,72+2,72+2,68+2,68+2,68+2,72+2,71+2,66+2,66+2,66+2,71+2,16+2,https://cdn.sofifa.net/players/236/703/22_120.png,https://cdn.sofifa.net/teams/10029/60.png,https://cdn.sofifa.net/flags/de.png,https://cdn.sofifa.net/teams/1337/60.png,https://cdn.sofifa.net/flags/de.png
119,207862,https://sofifa.com/player/207862/matthias-ginter/220002,M. Ginter,Matthias Ginter,CB,84,85,42500000.0,45000.0,27,1994-01-19,191,86,23.0,Borussia Mönchengladbach,German 1. Bundesliga,1.0,RCB,28.0,,2017-07-04,2022.0,21,Germany,,,,Right,3,2,3,Medium/Medium,Normal (185+),Yes,75400000.0,,"Solid Player, Long Passer (AI), Team Player",62.0,58.0,72.0,66.0,86.0,79.0,68,55,84,79,53,61,44,42,78,75,54,69,55,86,49,74,77,75,84,46,74,84,55,72,67,71,87,89,79,12,10,6,8,10,,68+3,68+3,68+3,66,67,67,67,66,68+3,68+3,68+3,69+3,74+3,74+3,74+3,69+3,77+3,81+3,81+3,81+3,77+3,79+3,83+2,83+2,83+2,79+3,18+3,https://cdn.sofifa.net/players/207/862/22_120.png,https://cdn.sofifa.net/teams/23/60.png,https://cdn.sofifa.net/flags/de.png,,https://cdn.sofifa.net/flags/de.png
215,192318,https://sofifa.com/player/192318/mario-gotze/220002,M. Götze,Mario Götze,"CAM, CM",82,82,30000000.0,29000.0,29,1992-06-03,177,71,247.0,PSV,Holland Eredivisie,1.0,CAM,27.0,,2020-10-06,2024.0,21,Germany,,,,Right,4,4,4,Medium/Medium,Normal (170-185),Yes,42000000.0,,"Finesse Shot, Flair, Playmaker (AI), Technical Dribbler (AI)",68.0,75.0,83.0,84.0,55.0,69.0,82,75,47,85,85,84,81,72,82,88,69,67,76,82,83,75,58,75,71,68,59,66,79,86,79,87,64,42,53,14,7,12,6,10,,75+3,75+3,75+3,80,80,80,80,80,82,82,82,81+1,80+2,80+2,80+2,81+1,71+3,71+3,71+3,71+3,71+3,67+3,61+3,61+3,61+3,67+3,17+3,https://cdn.sofifa.net/players/192/318/22_120.png,https://cdn.sofifa.net/teams/247/60.png,https://cdn.sofifa.net/flags/nl.png,,https://cdn.sofifa.net/flags/de.png
344,212194,https://sofifa.com/player/212194/julian-brandt/220002,J. Brandt,Julian Brandt,"CAM, CM, CF",81,85,36000000.0,64000.0,25,1996-05-02,185,83,22.0,Borussia Dortmund,German 1. Bundesliga,1.0,SUB,19.0,,2019-07-01,2024.0,21,Germany,,,,Right,4,4,3,High/Medium,Normal (185+),Yes,63900000.0,,"Flair, Long Passer (AI), Outside Foot Shot, Technical Dribbler (AI)",73.0,75.0,80.0,84.0,48.0,66.0,79,73,54,82,79,84,77,65,79,85,77,69,84,79,83,81,62,80,71,78,38,47,77,82,54,81,46,47,49,11,16,11,8,9,,75+3,75+3,75+3,80,79,79,79,80,81+3,81+3,81+3,80+3,78+3,78+3,78+3,80+3,67+3,65+3,65+3,65+3,67+3,64+3,55+3,55+3,55+3,64+3,18+3,https://cdn.sofifa.net/players/212/194/22_120.png,https://cdn.sofifa.net/teams/22/60.png,https://cdn.sofifa.net/flags/de.png,,https://cdn.sofifa.net/flags/de.png
581,210324,https://sofifa.com/player/210324/jonas-hofmann/220002,J. Hofmann,Jonas Hofmann,"CM, RM, LM",79,79,17500000.0,35000.0,28,1992-07-14,176,73,23.0,Borussia Mönchengladbach,German 1. Bundesliga,1.0,RM,23.0,,2016-01-01,2023.0,21,Germany,1337.0,RB,23.0,Right,4,3,2,High/Medium,Normal (170-185),Yes,29800000.0,,Team Player,75.0,72.0,80.0,79.0,57.0,66.0,80,75,40,81,64,78,77,71,81,79,75,75,77,83,77,68,61,86,64,69,47,74,82,81,71,81,62,49,52,6,6,10,10,10,,72+2,72+2,72+2,78,77,77,77,78,79,79,79,80-1,78+1,78+1,78+1,80-1,73+2,71+2,71+2,71+2,73+2,69+2,60+2,60+2,60+2,69+2,16+2,https://cdn.sofifa.net/players/210/324/22_120.png,https://cdn.sofifa.net/teams/23/60.png,https://cdn.sofifa.net/flags/de.png,https://cdn.sofifa.net/teams/1337/60.png,https://cdn.sofifa.net/flags/de.png
1962,256790,https://sofifa.com/player/256790/jamal-musiala/220002,J. Musiala,Jamal Musiala,"CAM, LM",75,88,13000000.0,19000.0,18,2003-02-26,180,68,21.0,FC Bayern München,German 1. Bundesliga,1.0,SUB,42.0,,2020-06-03,2026.0,21,Germany,1337.0,SUB,14.0,Right,4,5,1,Medium/Medium,Lean (170-185),No,29600000.0,#Dribbler,Technical Dribbler (AI),76.0,70.0,67.0,84.0,31.0,49.0,65,75,42,72,59,86,60,38,65,84,80,73,87,68,90,68,47,58,43,72,52,27,69,69,42,77,33,28,29,6,9,8,8,11,,69+2,69+2,69+2,76,75,75,75,76,75+2,75+2,75+2,74+2,68+2,68+2,68+2,74+2,55+2,52+2,52+2,52+2,55+2,51+2,41+2,41+2,41+2,51+2,15+2,https://cdn.sofifa.net/players/256/790/22_120.png,https://cdn.sofifa.net/teams/21/60.png,https://cdn.sofifa.net/flags/de.png,https://cdn.sofifa.net/teams/1337/60.png,https://cdn.sofifa.net/flags/de.png
1245,205431,https://sofifa.com/player/205431/niclas-fullkrug/220002,N. Füllkrug,Niclas Füllkrug,ST,76,76,7500000.0,16000.0,28,1993-02-09,189,83,38.0,SV Werder Bremen,German 2. Bundesliga,2.0,SUB,11.0,,2019-07-01,2023.0,21,Germany,,,,Right,4,3,1,High/Medium,Normal (185+),Yes,12000000.0,,Injury Prone,63.0,78.0,62.0,70.0,36.0,73.0,63,80,80,67,71,70,69,69,48,74,61,64,59,75,52,79,70,63,81,72,67,24,82,61,78,72,41,30,17,15,9,10,13,9,,76,76,76,70,73,73,73,70,69+2,69+2,69+2,68+2,63+2,63+2,63+2,68+2,52+2,51+2,51+2,51+2,52+2,49+2,50+2,50+2,50+2,49+2,18+2,https://cdn.sofifa.net/players/205/431/22_120.png,https://cdn.sofifa.net/teams/38/60.png,https://cdn.sofifa.net/flags/de.png,,https://cdn.sofifa.net/flags/de.png
