,sofifa_id,player_url,short_name,long_name,player_positions,overall,potential,value_eur,wage_eur,age,dob,height_cm,weight_kg,club_team_id,club_name,league_name,league_level,club_position,club_jersey_number,club_loaned_from,club_joined,club_contract_valid_until,nationality_id,nationality_name,nation_team_id,nation_position,nation_jersey_number,preferred_foot,weak_foot,skill_moves,international_reputation,work_rate,body_type,real_face,release_clause_eur,player_tags,player_traits,pace,shooting,passing,dribbling,defending,physic,attacking_crossing,attacking_finishing,attacking_heading_accuracy,attacking_short_passing,attacking_volleys,skill_dribbling,skill_curve,skill_fk_accuracy,skill_long_passing,skill_ball_control,movement_acceleration,movement_sprint_speed,movement_agility,movement_reactions,movement_balance,power_shot_power,power_jumping,power_stamina,power_strength,power_long_shots,mentality_aggression,mentality_interceptions,mentality_positioning,mentality_vision,mentality_penalties,mentality_composure,defending_marking_awareness,defending_standing_tackle,defending_sliding_tackle,goalkeeping_diving,goalkeeping_handling,goalkeeping_kicking,goalkeeping_positioning,goalkeeping_reflexes,goalkeeping_speed,ls,st,rs,lw,lf,cf,rf,rw,lam,cam,ram,lm,lcm,cm,rcm,rm,lwb,ldm,cdm,rdm,rwb,lb,lcb,cb,rcb,rb,gk,player_face_url,club_logo_url,club_flag_url,nation_logo_url,nation_flag_url
453,214584,https://sofifa.com/player/214584/franco-armani/220002,F. Armani,Franco Armani,GK,80,80,3600000.0,17000.0,34,1986-10-16,189,88,1876.0,River Plate,Argentina Primera División,1.0,GK,1.0,,2018-01-12,2023.0,52,Argentina,1369.0,SUB,1.0,Right,3,1,1,Medium/Medium,Normal (185+),No,5000000.0,,"Leadership, Cautious With Crosses",,,,,,,18,11,19,35,18,19,15,16,29,35,41,45,37,77,39,50,67,35,81,17,45,21,17,55,20,55,15,13,19,78,76,67,79,85,43.0,33+2,33+2,33+2,31,34,34,34,31,35+2,35+2,35+2,33+2,35+2,35+2,35+2,33+2,30+2,33+2,33+2,33+2,30+2,29+2,32+2,32+2,32+2,29+2,79+1,https://cdn.sofifa.net/players/214/584/22_120.png,https://cdn.sofifa.net/teams/1876/60.png,https://cdn.sofifa.net/flags/ar.png,https://cdn.sofifa.net/teams/1369/60.png,https://cdn.sofifa.net/flags/ar.png
649,239301,https://sofifa.com/player/239301/lisandro-martinez/220002,L. Martínez,Lisandro Martínez,"CB, LB, CDM",79,85,25000000.0,16000.0,23,1998-01-18,178,77,245.0,Ajax,Holland Eredivisie,1.0,LCB,21.0,,2019-07-01,2023.0,52,Argentina,1369.0,SUB,25.0,Left,3,3,2,Medium/High,Normal (170-185),No,40000000.0,,Solid Player,71.0,58.0,73.0,76.0,79.0,80.0,70,52,74,77,52,74,63,53,79,78,74,68,72,77,79,68,88,83,76,63,84,79,62,73,55,81,81,81,76,6,14,13,14,8,,68+2,68+2,68+2,70,70,70,70,70,72+2,72+2,72+2,73+2,75+2,75+2,75+2,73+2,77+2,79+2,79+2,79+2,77+2,77+2,79+2,79+2,79+2,77+2,18+2,https://cdn.sofifa.net/players/239/301/22_120.png,https://cdn.sofifa.net/teams/245/60.png,https://cdn.sofifa.net/flags/nl.png,https://cdn.sofifa.net/teams/1369/60.png,https://cdn.sofifa.net/flags/ar.png
2913,233084,https://sofifa.com/player/233084/nahuel-molina/220002,N. Molina,Nahuel Molina Lucero,"RWB, RM",73,81,6500000.0,11000.0,23,1998-04-06,175,70,55.0,Udinese Calcio,Italian Serie A,1.0,RM,16.0,,2020-09-02,2026.0,52,Argentina,,,,Right,3,2,1,High/High,Lean (170-185),No,13000000.0,,,78.0,64.0,67.0,72.0,68.0,66.0,72,68,60,71,58,74,63,32,64,71,79,77,74,65,69,69,75,79,57,58,70,70,70,66,38,68,68,70,63,12,13,8,5,10,,68+2,68+2,68+2,71,70,70,70,71,70+2,70+2,70+2,71+2,69+2,69+2,69+2,71+2,71+2,69+2,69+2,69+2,71+2,70+2,67+2,67+2,67+2,70+2,16+2,https://cdn.sofifa.net/players/233/084/22_120.png,https://cdn.sofifa.net/teams/55/60.png,https://cdn.sofifa.net/flags/it.png,,https://cdn.sofifa.net/flags/ar.png
793,225659,https://sofifa.com/player/225659/guido-rodriguez/220002,G. Rodríguez,Guido Rodríguez,"CDM, CM",78,79,15000000.0,24000.0,26,1995-04-11,185,80,449.0,Real Betis Balompié,Spain Primera Division,1.0,RDM,21.0,,2020-01-14,2024.0,52,Argentina,1369.0,SUB,18.0,Right,4,2,1,Medium/High,Lean (185+),Yes,32600000.0,,"Dives Into Tackles (AI), Long Shot Taker (AI), Outside Foot Shot",54.0,56.0,66.0,66.0,80.0,77.0,59,43,73,75,47,63,49,42,72,75,53,55,49,75,50,77,42,77,79,69,83,82,56,65,53,70,82,81,77,12,11,14,16,6,,64+2,64+2,64+2,62,64,64,64,62,65+2,65+2,65+2,65+2,71+2,71+2,71+2,65+2,73+2,77+2,77+2,77+2,73+2,73+2,77+2,77+2,77+2,73+2,18+2,https://cdn.sofifa.net/players/225/659/22_120.png,https://cdn.sofifa.net/teams/449/60.png,https://cdn.sofifa.net/flags/es.png,https://cdn.sofifa.net/teams/1369/60.png,https://cdn.sofifa.net/flags/ar.png
2397,245371,https://sofifa.com/player/245371/thiago-almada/220002,T. Almada,Thiago Ezequiel Almada,"CAM, LW, RW",74,86,10000000.0,10000.0,20,2001-04-26,171,62,101088.0,Vélez Sarsfield,Argentina Primera División,1.0,SUB,10.0,,2018-07-23,2023.0,52,Argentina,,,,Right,4,4,1,High/Low,Normal (170-185),No,17000000.0,#Acrobat,"Finesse Shot, Long Shot Taker (AI), Speed Dribbler (AI), Playmaker (AI)",85.0,71.0,69.0,82.0,52.0,62.0,64,70,39,72,73,82,83,65,67,78,90,81,92,68,93,75,55,74,57,71,63,58,66,69,76,81,47,57,53,12,8,9,8,10,,69+2,69+2,69+2,75,74,74,74,75,74+2,74+2,74+2,74+2,70+2,70+2,70+2,74+2,66+2,64+2,64+2,64+2,66+2,64+2,57+2,57+2,57+2,64+2,16+2,https://cdn.sofifa.net/players/245/371/22_120.png,https://cdn.sofifa.net/teams/101088/60.png,https://cdn.sofifa.net/flags/ar.png,,https://cdn.sofifa.net/flags/ar.png
10703,246547,https://sofifa.com/player/246547/facundo-almada/220002,F. Almada,Facundo Ezequiel Almada,"CB, RB",65,73,1500000.0,4000.0,22,1998-07-10,180,72,110580.0,Rosario Central,Argentina Primera División,1.0,RCB,32.0,,2018-11-30,2022.0,52,Argentina,,,,Right,2,2,1,Medium/Medium,Normal (170-185),No,2600000.0,,,68.0,37.0,43.0,55.0,66.0,65.0,38,35,64,59,31,48,27,32,37,62,65,71,53,60,68,52,67,68,64,23,64,64,43,32,45,59,65,68,64,11,14,13,5,13,,51+2,51+2,51+2,50,50,50,50,50,49+2,49+2,49+2,52+2,51+2,51+2,51+2,52+2,61+2,60+2,60+2,60+2,61+2,62+2,65+2,65+2,65+2,62+2,16+2,https://cdn.sofifa.net/players/246/547/22_120.png,https://cdn.sofifa.net/teams/110580/60.png,https://cdn.sofifa.net/flags/ar.png,,https://cdn.sofifa.net/flags/ar.png
1940,246191,https://sofifa.com/player/246191/julian-alvarez/220002,J. Álvarez,Julián Álvarez,"RW, CF",75,85,12500000.0,14000.0,21,2000-01-31,170,71,1876.0,River Plate,Argentina Primera División,1.0,SUB,9.0,,2018-08-30,2022.0,52,Argentina,,,,Right,3,4,1,High/Medium,Normal (170-),No,20000000.0,,Technical Dribbler (AI),84.0,74.0,72.0,75.0,46.0,62.0,71,75,66,73,69,72,75,73,67,76,81,86,84,70,79,80,72,70,52,70,76,37,73,72,69,78,57,37,33,6,10,8,15,6,,73+2,73+2,73+2,75,74,74,74,75,74+2,74+2,74+2,74+2,68+2,68+2,68+2,74+2,61+2,59+2,59+2,59+2,61+2,58+2,54+2,54+2,54+2,58+2,16+2,https://cdn.sofifa.net/players/246/191/22_120.png,https://cdn.sofifa.net/teams/1876/60.png,https://cdn.sofifa.net/flags/ar.png,,https://cdn.sofifa.net/flags/ar.png
