,sofifa_id,player_url,short_name,long_name,player_positions,overall,potential,value_eur,wage_eur,age,dob,height_cm,weight_kg,club_team_id,club_name,league_name,league_level,club_position,club_jersey_number,club_loaned_from,club_joined,club_contract_valid_until,nationality_id,nationality_name,nation_team_id,nation_position,nation_jersey_number,preferred_foot,weak_foot,skill_moves,international_reputation,work_rate,body_type,real_face,release_clause_eur,player_tags,player_traits,pace,shooting,passing,dribbling,defending,physic,attacking_crossing,attacking_finishing,attacking_heading_accuracy,attacking_short_passing,attacking_volleys,skill_dribbling,skill_curve,skill_fk_accuracy,skill_long_passing,skill_ball_control,movement_acceleration,movement_sprint_speed,movement_agility,movement_reactions,movement_balance,power_shot_power,power_jumping,power_stamina,power_strength,power_long_shots,mentality_aggression,mentality_interceptions,mentality_positioning,mentality_vision,mentality_penalties,mentality_composure,defending_marking_awareness,defending_standing_tackle,defending_sliding_tackle,goalkeeping_diving,goalkeeping_handling,goalkeeping_kicking,goalkeeping_positioning,goalkeeping_reflexes,goalkeeping_speed,ls,st,rs,lw,lf,cf,rf,rw,lam,cam,ram,lm,lcm,cm,rcm,rm,lwb,ldm,cdm,rdm,rwb,lb,lcb,cb,rcb,rb,gk,player_face_url,club_logo_url,club_flag_url,nation_logo_url,nation_flag_url
73,177683,https://sofifa.com/player/177683/yann-sommer/220002,Y. Sommer,Yann Sommer,GK,85,85,26500000.0,40000.0,32,1988-12-17,183,79,23.0,Borussia Mönchengladbach,German 1. Bundesliga,1.0,GK,1.0,,2014-07-01,2023.0,47,Switzerland,,,,Right,4,1,3,Medium/Medium,Normal (170-185),Yes,45100000.0,,Comes For Crosses,,,,,,,13,13,10,40,8,15,12,13,31,25,48,54,55,82,58,63,73,45,68,12,38,21,15,64,24,57,9,19,12,79,81,84,86,86,50.0,32+3,32+3,32+3,32,34,34,34,32,36+3,36+3,36+3,34+3,37+3,37+3,37+3,34+3,30+3,33+3,33+3,33+3,30+3,29+3,29+3,29+3,29+3,29+3,83+2,https://cdn.sofifa.net/players/177/683/22_120.png,https://cdn.sofifa.net/teams/23/60.png,https://cdn.sofifa.net/flags/de.png,,https://cdn.sofifa.net/flags/ch.png
1007,223550,https://sofifa.com/player/223550/jonas-omlin/220002,J. Omlin,Jonas Omlin,GK,77,81,11000000.0,20000.0,27,1994-01-10,189,80,70.0,Montpellier Hérault SC,French Ligue 1,1.0,GK,1.0,,2020-08-12,2024.0,47,Switzerland,,,,Right,4,1,1,Medium/Medium,Normal (185+),No,22800000.0,,"Rushes Out Of Goal, Saves with Feet",,,,,,,24,17,24,45,15,27,21,16,35,31,49,51,32,74,51,55,75,35,72,18,22,25,15,48,27,55,20,21,24,77,75,73,75,79,50.0,35+2,35+2,35+2,34,36,36,36,34,37+2,37+2,37+2,36+2,37+2,37+2,37+2,36+2,34+2,35+2,35+2,35+2,34+2,33+2,34+2,34+2,34+2,33+2,76+2,https://cdn.sofifa.net/players/223/550/22_120.png,https://cdn.sofifa.net/teams/70/60.png,https://cdn.sofifa.net/flags/fr.png,,https://cdn.sofifa.net/flags/ch.png
640,235073,https://sofifa.com/player/235073/gregor-kobel/220002,G. Kobel,Gregor Kobel,GK,79,84,21500000.0,36000.0,23,1997-12-06,195,88,22.0,Borussia Dortmund,German 1. Bundesliga,1.0,GK,1.0,,2021-07-01,2026.0,47,Switzerland,,,,Right,3,1,1,Medium/Medium,Normal (185+),Yes,38200000.0,,"GK Long Throw, Rushes Out Of Goal",,,,,,,13,10,13,39,10,24,13,12,33,34,26,26,34,77,24,58,44,21,81,10,24,14,10,55,12,66,15,15,15,80,78,77,74,83,26.0,30+2,30+2,30+2,29,32,32,32,29,34+2,34+2,34+2,30+2,35+2,35+2,35+2,30+2,26+2,31+2,31+2,31+2,26+2,24+2,28+2,28+2,28+2,24+2,78+2,https://cdn.sofifa.net/players/235/073/22_120.png,https://cdn.sofifa.net/teams/22/60.png,https://cdn.sofifa.net/flags/de.png,,https://cdn.sofifa.net/flags/ch.png
8238,239364,https://sofifa.com/player/239364/philipp-kohn/220002,P. Köhn,Philipp Köhn,GK,67,73,1300000.0,6000.0,23,1998-04-02,190,80,191.0,FC Red Bull Salzburg,Austrian Football Bundesliga,1.0,GK,18.0,,2018-07-06,2025.0,47,Switzerland,,,,Right,2,1,1,Medium/Medium,Lean (185+),Yes,2200000.0,,,,,,,,,11,8,12,25,6,12,10,14,25,19,25,30,33,62,26,47,41,28,63,7,28,12,7,45,16,32,12,13,14,69,64,62,65,68,27.0,23+2,23+2,23+2,21,23,23,23,21,24+2,24+2,24+2,23+2,26+2,26+2,26+2,23+2,21+2,25+2,25+2,25+2,21+2,21+2,23+2,23+2,23+2,21+2,66+2,https://cdn.sofifa.net/players/239/364/22_120.png,https://cdn.sofifa.net/teams/191/60.png,https://cdn.sofifa.net/flags/at.png,,https://cdn.sofifa.net/flags/ch.png
12105,259306,https://sofifa.com/player/259306/fabian-rieder/220002,F. Rieder,Fabian Rieder,CM,64,80,1500000.0,2000.0,19,2002-02-16,179,74,900.0,BSC Young Boys,Swiss Super League,1.0,SUB,32.0,,2020-10-18,2024.0,47,Switzerland,,,,Left,3,2,1,High/Medium,Lean (170-185),No,3200000.0,,,70.0,54.0,64.0,69.0,49.0,60.0,54,52,41,69,42,70,60,62,67,70,71,70,70,52,82,62,59,65,62,55,48,52,56,65,51,59,45,53,52,13,9,12,13,11,,58+2,58+2,58+2,63,63,63,63,63,65+2,65+2,65+2,64+2,64+2,64+2,64+2,64+2,59+2,59+2,59+2,59+2,59+2,57+2,53+2,53+2,53+2,57+2,16+2,https://cdn.sofifa.net/players/259/306/22_120.png,https://cdn.sofifa.net/teams/900/60.png,https://cdn.sofifa.net/flags/ch.png,,https://cdn.sofifa.net/flags/ch.png
605,221491,https://sofifa.com/player/221491/nico-elvedi/220002,N. Elvedi,Nico Elvedi,CB,79,83,22500000.0,26000.0,24,1996-09-30,189,81,23.0,Borussia Mönchengladbach,German 1. Bundesliga,1.0,LCB,30.0,,2015-07-01,2024.0,47,Switzerland,,,,Right,3,2,2,Medium/Medium,Normal (185+),Yes,39900000.0,,,74.0,39.0,63.0,68.0,80.0,77.0,65,30,79,74,30,67,45,29,57,72,66,81,64,77,55,50,80,75,80,45,72,82,53,59,37,65,77,84,78,9,15,10,12,9,,60+2,60+2,60+2,63,62,62,62,63,63+2,63+2,63+2,66+2,67+2,67+2,67+2,66+2,75+2,75+2,75+2,75+2,75+2,77+2,79+2,79+2,79+2,77+2,18+2,https://cdn.sofifa.net/players/221/491/22_120.png,https://cdn.sofifa.net/teams/23/60.png,https://cdn.sofifa.net/flags/de.png,,https://cdn.sofifa.net/flags/ch.png
1888,236898,https://sofifa.com/player/236898/michel-aebischer/220002,M. Aebischer,Michel Aebischer,"CM, CDM",75,80,8500000.0,15000.0,24,1997-01-06,183,74,900.0,BSC Young Boys,Swiss Super League,1.0,RCM,20.0,,2015-07-01,2022.0,47,Switzerland,,,,Right,4,3,1,Medium/High,Lean (170-185),No,13400000.0,,"Finesse Shot, Long Passer (AI)",72.0,65.0,75.0,75.0,65.0,75.0,69,66,62,80,48,75,67,65,79,76,73,71,75,71,72,68,68,89,72,69,65,69,68,74,51,70,65,64,61,10,9,15,9,15,,69+2,69+2,69+2,73,72,72,72,73,74+2,74+2,74+2,74+2,75+2,75+2,75+2,74+2,72+2,72+2,72+2,72+2,72+2,70+2,67+2,67+2,67+2,70+2,18+2,https://cdn.sofifa.net/players/236/898/22_120.png,https://cdn.sofifa.net/teams/900/60.png,https://cdn.sofifa.net/flags/ch.png,,https://cdn.sofifa.net/flags/ch.png
3140,183346,https://sofifa.com/player/183346/fabian-frei/220002,F. Frei,Fabian Frei,CDM,72,72,1600000.0,10000.0,32,1989-01-08,183,80,896.0,FC Basel 1893,Swiss Super League,1.0,RDM,20.0,,2018-01-01,2022.0,47,Switzerland,,,,Right,3,3,1,Medium/Medium,Normal (170-185),No,2400000.0,,"Leadership, Team Player",57.0,70.0,71.0,69.0,69.0,74.0,70,68,67,72,71,69,70,67,72,72,54,60,59,67,63,74,68,82,74,70,63,72,68,69,66,74,70,67,65,12,15,8,11,14,,69+2,69+2,69+2,68,68,68,68,68,69+2,69+2,69+2,69+2,71+1,71+1,71+1,69+2,69+2,71+1,71+1,71+1,69+2,69+2,69+2,69+2,69+2,69+2,19+2,https://cdn.sofifa.net/players/183/346/22_120.png,https://cdn.sofifa.net/teams/896/60.png,https://cdn.sofifa.net/flags/ch.png,,https://cdn.sofifa.net/flags/ch.png
749,210537,https://sofifa.com/player/210537/renato-steffen/220002,R. Steffen,Renato Steffen,"LM, RM",78,78,14000000.0,61000.0,29,1991-11-03,170,65,175.0,VfL Wolfsburg,German 1. Bundesliga,1.0,LM,11.0,,2018-01-10,2023.0,47,Switzerland,,,,Left,3,3,2,High/Medium,Normal (170-),No,23800000.0,#Acrobat,"Speed Dribbler (AI), Outside Foot Shot",79.0,75.0,74.0,80.0,48.0,65.0,76,75,70,77,77,79,79,72,67,78,84,74,90,78,91,77,90,76,57,75,67,38,75,73,55,75,54,39,52,16,13,12,8,6,,75+2,75+2,75+2,77,77,77,77,77,77+1,77+1,77+1,77+1,71+2,71+2,71+2,77+1,65+2,61+2,61+2,61+2,65+2,63+2,57+2,57+2,57+2,63+2,18+2,https://cdn.sofifa.net/players/210/537/22_120.png,https://cdn.sofifa.net/teams/175/60.png,https://cdn.sofifa.net/flags/de.png,,https://cdn.sofifa.net/flags/ch.png
552,199503,https://sofifa.com/player/199503/granit-xhaka/220002,G. Xhaka,Granit Xhaka,"CDM, CM",79,79,15500000.0,80000.0,28,1992-09-27,185,82,1.0,Arsenal,English Premier League,1.0,LDM,34.0,,2016-07-01,2024.0,47,Switzerland,,,,Left,2,3,3,Low/Medium,Normal (185+),Yes,29500000.0,,"Power Free-Kick, Dives Into Tackles (AI), Long Passer (AI), Playmaker (AI)",50.0,64.0,79.0,69.0,69.0,80.0,71,50,62,84,50,66,76,77,84,80,48,52,49,73,61,90,33,84,79,75,91,71,62,78,63,67,71,68,68,7,8,11,7,13,,67+3,67+3,67+3,67,69,69,69,67,71+3,71+3,71+3,70+3,77+2,77+2,77+2,70+3,72+3,77+2,77+2,77+2,72+3,70+3,71+3,71+3,71+3,70+3,16+3,https://cdn.sofifa.net/players/199/503/22_120.png,https://cdn.sofifa.net/teams/1/60.png,https://cdn.sofifa.net/flags/gb-eng.png,,https://cdn.sofifa.net/flags/ch.png
1032,229752,https://sofifa.com/player/229752/djibril-sow/220002,D. Sow,Djibril Sow,"CM, CDM",77,80,14500000.0,25000.0,24,1997-02-06,184,77,1824.0,Eintracht Frankfurt,German 1. Bundesliga,1.0,RDM,8.0,,2019-07-01,2024.0,47,Switzerland,,,,Right,4,3,2,Medium/High,Lean (170-185),No,25700000.0,,,79.0,64.0,77.0,76.0,75.0,79.0,70,61,63,85,68,75,65,62,78,78,76,81,75,76,71,69,73,85,76,65,79,78,72,74,58,77,75,77,72,6,12,9,7,8,,71+2,71+2,71+2,74,74,74,74,74,76+2,76+2,76+2,76+2,77+2,77+2,77+2,76+2,77+2,78+2,78+2,78+2,77+2,76+2,75+2,75+2,75+2,76+2,16+2,https://cdn.sofifa.net/players/229/752/22_120.png,https://cdn.sofifa.net/teams/1824/60.png,https://cdn.sofifa.net/flags/de.png,,https://cdn.sofifa.net/flags/ch.png
4137,215556,https://sofifa.com/player/215556/edimilson-fernandes/220002,E. Fernandes,Edimilson Fernandes Ribeiro,"CM, CDM",71,75,2600000.0,15000.0,25,1996-04-15,187,77,159.0,DSC Arminia Bielefeld,German 1. Bundesliga,1.0,SUB,22.0,1. FSV Mainz 05,,2022.0,47,Switzerland,,,,Right,4,2,1,Medium/Medium,Lean (185+),Yes,,,,67.0,65.0,67.0,72.0,70.0,69.0,57,60,45,77,56,73,57,51,74,76,68,66,66,64,60,78,56,74,72,72,60,78,56,62,55,63,72,70,70,12,7,13,15,13,,65+2,65+2,65+2,67,68,68,68,67,69+2,69+2,69+2,68+2,71+2,71+2,71+2,68+2,70+2,72+2,72+2,72+2,70+2,69+2,68+2,68+2,68+2,69+2,18+2,https://cdn.sofifa.net/players/215/556/22_120.png,https://cdn.sofifa.net/teams/159/60.png,https://cdn.sofifa.net/flags/de.png,,https://cdn.sofifa.net/flags/ch.png
543,193348,https://sofifa.com/player/193348/xherdan-shaqiri/220002,X. Shaqiri,Xherdan Shaqiri,"RW, RM",79,79,17000000.0,75000.0,29,1991-10-10,169,72,66.0,Olympique Lyonnais,French Ligue 1,1.0,RM,29.0,,2021-08-24,2024.0,47,Switzerland,,,,Left,4,5,3,Medium/Low,Unique,Yes,32300000.0,,"Flair, Long Shot Taker (AI), Playmaker (AI)",75.0,76.0,80.0,81.0,46.0,67.0,79,70,45,80,76,80,85,82,78,82,77,73,83,77,91,87,51,65,71,81,61,55,75,80,65,79,35,49,48,13,12,12,11,11,,74+3,74+3,74+3,78,77,77,77,78,79,79,79,77+2,76+3,76+3,76+3,77+2,66+3,65+3,65+3,65+3,66+3,62+3,55+3,55+3,55+3,62+3,19+3,https://cdn.sofifa.net/players/193/348/22_120.png,https://cdn.sofifa.net/teams/66/60.png,https://cdn.sofifa.net/flags/fr.png,,https://cdn.sofifa.net/flags/ch.png
1872,234913,https://sofifa.com/player/234913/christian-fassnacht/220002,C. Fassnacht,Christian Fassnacht,"RM, LM, CAM",75,75,6000000.0,17000.0,27,1993-11-11,185,77,900.0,BSC Young Boys,Swiss Super League,1.0,RM,16.0,,2017-06-20,2023.0,47,Switzerland,,,,Right,3,3,1,High/Medium,Lean (185+),No,9000000.0,,"Flair, Power Header",82.0,70.0,69.0,74.0,37.0,71.0,68,73,78,71,67,74,50,68,68,76,79,84,74,72,68,68,91,75,78,66,43,35,77,71,58,69,32,32,25,12,13,13,12,6,,74+1,74+1,74+1,74,74,74,74,74,73+2,73+2,73+2,74+1,68+2,68+2,68+2,74+1,58+2,55+2,55+2,55+2,58+2,55+2,50+2,50+2,50+2,55+2,18+2,https://cdn.sofifa.net/players/234/913/22_120.png,https://cdn.sofifa.net/teams/900/60.png,https://cdn.sofifa.net/flags/ch.png,,https://cdn.sofifa.net/flags/ch.png
