,sofifa_id,player_url,short_name,long_name,player_positions,overall,potential,value_eur,wage_eur,age,dob,height_cm,weight_kg,club_team_id,club_name,league_name,league_level,club_position,club_jersey_number,club_loaned_from,club_joined,club_contract_valid_until,nationality_id,nationality_name,nation_team_id,nation_position,nation_jersey_number,preferred_foot,weak_foot,skill_moves,international_reputation,work_rate,body_type,real_face,release_clause_eur,player_tags,player_traits,pace,shooting,passing,dribbling,defending,physic,attacking_crossing,attacking_finishing,attacking_heading_accuracy,attacking_short_passing,attacking_volleys,skill_dribbling,skill_curve,skill_fk_accuracy,skill_long_passing,skill_ball_control,movement_acceleration,movement_sprint_speed,movement_agility,movement_reactions,movement_balance,power_shot_power,power_jumping,power_stamina,power_strength,power_long_shots,mentality_aggression,mentality_interceptions,mentality_positioning,mentality_vision,mentality_penalties,mentality_composure,defending_marking_awareness,defending_standing_tackle,defending_sliding_tackle,goalkeeping_diving,goalkeeping_handling,goalkeeping_kicking,goalkeeping_positioning,goalkeeping_reflexes,goalkeeping_speed,ls,st,rs,lw,lf,cf,rf,rw,lam,cam,ram,lm,lcm,cm,rcm,rm,lwb,ldm,cdm,rdm,rwb,lb,lcb,cb,rcb,rb,gk,player_face_url,club_logo_url,club_flag_url,nation_logo_url,nation_flag_url
20,212831,https://sofifa.com/player/212831/alisson-ramses-becker/220002,Alisson,Alisson Ramsés Becker,GK,89,90,82000000.0,190000.0,28,1992-10-02,191,91,9.0,Liverpool,English Premier League,1.0,GK,1.0,,2018-07-19,2027.0,54,Brazil,,,,Right,3,1,3,Medium/Medium,Unique,Yes,157900000.0,,"GK Long Throw, Rushes Out Of Goal",,,,,,,17,13,29,45,20,27,19,18,44,30,56,47,40,87,37,63,52,32,78,14,27,11,13,66,23,65,15,19,16,86,86,84,90,89,52.0,37+3,37+3,37+3,35,38,38,38,35,40+3,40+3,40+3,38+3,40+3,40+3,40+3,38+3,31+3,35+3,35+3,35+3,31+3,30+3,31+3,31+3,31+3,30+3,87+3,https://cdn.sofifa.net/players/212/831/22_120.png,https://cdn.sofifa.net/teams/9/60.png,https://cdn.sofifa.net/flags/gb-eng.png,,https://cdn.sofifa.net/flags/br.png
13368,264463,https://sofifa.com/player/264463/alisson-pelegrini-safira/220002,Alisson Safira,Alisson Pelegrini Safira,"ST, LW",63,66,625000.0,2000.0,26,1995-03-17,185,72,1889.0,Belenenses SAD,Portuguese Liga ZON SAGRES,1.0,RES,25.0,,2021-08-31,2024.0,54,Brazil,,,,Right,2,2,1,Medium/Medium,Normal (185+),No,1400000.0,,,61.0,67.0,44.0,57.0,25.0,57.0,32,68,69,53,54,54,43,36,34,58,58,63,58,67,60,76,60,58,63,66,39,31,55,51,59,58,19,16,14,14,14,8,13,5,,63+2,63+2,63+2,56,60,60,60,56,56+2,56+2,56+2,54+2,50+2,50+2,50+2,54+2,41+2,40+2,40+2,40+2,41+2,40+2,38+2,38+2,38+2,40+2,17+2,https://cdn.sofifa.net/players/264/463/22_120.png,https://cdn.sofifa.net/teams/1889/60.png,https://cdn.sofifa.net/flags/pt.png,,https://cdn.sofifa.net/flags/br.png
18,210257,https://sofifa.com/player/210257/ederson-santana-de-moraes/220002,Ederson,Ederson Santana de Moraes,GK,89,91,94000000.0,200000.0,27,1993-08-17,188,86,10.0,Manchester City,English Premier League,1.0,GK,31.0,,2017-07-01,2026.0,54,Brazil,,,,Left,3,1,3,Medium/Medium,Unique,Yes,181000000.0,,"Long Passer (AI), Rushes Out Of Goal, Comes For Crosses",,,,,,,20,14,14,61,18,23,15,20,66,40,64,63,60,88,48,70,66,41,78,18,38,27,20,70,51,70,29,15,8,87,82,93,88,88,64.0,40+3,40+3,40+3,41,43,43,43,41,47+3,47+3,47+3,44+3,49+3,49+3,49+3,44+3,37+3,44+3,44+3,44+3,37+3,36+3,35+3,35+3,35+3,36+3,87+3,https://cdn.sofifa.net/players/210/257/22_120.png,https://cdn.sofifa.net/teams/10/60.png,https://cdn.sofifa.net/flags/gb-eng.png,,https://cdn.sofifa.net/flags/br.png
245,212462,https://sofifa.com/player/212462/alex-nicolao-telles/220002,Alex Telles,Alex Nicolao Telles,LB,82,82,27500000.0,130000.0,28,1992-12-15,181,71,11.0,Manchester United,English Premier League,1.0,SUB,27.0,,2020-10-05,2024.0,54,Brazil,,,,Left,2,3,3,High/Medium,Unique,Yes,50900000.0,#Crosser,"Solid Player, Long Shot Taker (AI), Speed Dribbler (AI), Outside Foot Shot, Team Player",83.0,73.0,82.0,78.0,77.0,73.0,86,63,68,82,62,77,87,79,81,80,81,84,75,81,70,87,81,85,65,83,76,79,75,78,81,77,77,78,76,13,8,12,11,14,,75+3,75+3,75+3,78,78,78,78,78,78+3,78+3,78+3,79+3,80+2,80+2,80+2,79+3,81+1,79+3,79+3,79+3,81+1,80+2,76+3,76+3,76+3,80+2,19+3,https://cdn.sofifa.net/players/212/462/22_120.png,https://cdn.sofifa.net/teams/11/60.png,https://cdn.sofifa.net/flags/gb-eng.png,,https://cdn.sofifa.net/flags/br.png
1418,239580,https://sofifa.com/player/239580/gleison-bremer-silva-nascimento/220002,Bremer,Gleison Bremer Silva Nascimento,CB,76,82,11000000.0,31000.0,24,1997-03-18,188,82,54.0,Torino F.C.,Italian Serie A,1.0,CB,3.0,,2018-07-10,2023.0,54,Brazil,,,,Right,2,2,1,Medium/Medium,Normal (185+),No,20900000.0,,,64.0,35.0,51.0,62.0,77.0,74.0,34,35,76,66,33,60,28,20,64,63,67,61,61,71,63,49,77,55,81,21,78,78,28,44,43,64,75,80,74,13,15,13,5,6,,53+2,53+2,53+2,52,52,52,52,52,54+2,54+2,54+2,55+2,58+2,58+2,58+2,55+2,65+2,70+2,70+2,70+2,65+2,67+2,76+2,76+2,76+2,67+2,17+2,https://cdn.sofifa.net/players/239/580/22_120.png,https://cdn.sofifa.net/teams/54/60.png,https://cdn.sofifa.net/flags/it.png,,https://cdn.sofifa.net/flags/br.png
311,199304,https://sofifa.com/player/199304/danilo-luiz-da-silva/220002,Danilo,Danilo Luiz da Silva,"RB, LB, CB",81,81,22500000.0,83000.0,29,1991-07-15,184,78,45.0,Juventus,Italian Serie A,1.0,RB,6.0,,2019-08-07,2024.0,54,Brazil,,,,Right,4,3,2,Medium/High,Lean (170-185),Yes,37100000.0,,Solid Player,73.0,67.0,73.0,74.0,82.0,79.0,76,59,76,77,69,73,73,73,74,79,67,77,62,80,65,84,75,77,80,69,78,84,69,64,67,78,82,84,82,14,5,15,14,5,,73+2,73+2,73+2,72,72,72,72,72,72+2,72+2,72+2,73+2,75+2,75+2,75+2,73+2,79+2,79+2,79+2,79+2,79+2,79+2,81,81,81,79+2,18+2,https://cdn.sofifa.net/players/199/304/22_120.png,https://cdn.sofifa.net/teams/45/60.png,https://cdn.sofifa.net/flags/it.png,,https://cdn.sofifa.net/flags/br.png
1046,230379,https://sofifa.com/player/230379/danilo-manuel-vieira-espindola/220002,Vieirundinho,Danilo Manuel Vieira Espíndola,CB,77,77,5000000.0,26000.0,33,1988-02-29,189,84,1053.0,Santos,Campeonato Brasileiro Série A,1.0,RCB,12.0,,2021-07-08,2024.0,54,Brazil,,,,Right,2,2,1,Medium/Medium,Normal (185+),No,9500000.0,,Power Header,59.0,39.0,53.0,57.0,80.0,81.0,42,29,77,69,28,48,36,30,69,67,62,57,61,69,37,65,58,79,84,41,82,76,26,32,47,68,83,80,78,13,16,11,6,9,,53+2,53+2,53+2,50,51,51,51,50,52+2,52+2,52+2,54+2,59+2,59+2,59+2,54+2,68+2,73+2,73+2,73+2,68+2,71+2,77,77,77,71+2,17+2,https://cdn.sofifa.net/players/230/379/22_120.png,https://cdn.sofifa.net/teams/1053/60.png,https://cdn.sofifa.net/flags/br.png,,https://cdn.sofifa.net/flags/br.png
1713,216283,https://sofifa.com/player/216283/danilo-teodoro-soares/220002,Danilo,Danilo Teodoro Soares,LB,75,75,4900000.0,22000.0,29,1991-10-29,170,72,160.0,VfL Bochum 1848,German 1. Bundesliga,1.0,LB,3.0,,2017-07-01,2024.0,54,Brazil,,,,Left,3,3,1,High/High,Normal (170-),No,8800000.0,,Technical Dribbler (AI),73.0,59.0,66.0,75.0,73.0,69.0,70,54,60,70,53,74,62,49,68,74,77,69,84,74,86,68,80,70,65,67,74,74,64,58,42,68,74,76,75,10,11,15,10,12,,66+2,66+2,66+2,69,68,68,68,69,69+2,69+2,69+2,69+2,69+2,69+2,69+2,69+2,73+2,72+2,72+2,72+2,73+2,73+2,72+2,72+2,72+2,73+2,18+2,https://cdn.sofifa.net/players/216/283/22_120.png,https://cdn.sofifa.net/teams/160/60.png,https://cdn.sofifa.net/flags/de.png,,https://cdn.sofifa.net/flags/br.png
1824,230219,https://sofifa.com/player/230219/estevao-danilo-candeira-inacio/220002,Estevão Candeira,Estevão Danilo Candeira Inácio,"RB, LB",75,75,5500000.0,29000.0,25,1996-02-29,176,73,1043.0,Flamengo,Campeonato Brasileiro Série A,1.0,LB,3.0,,2021-07-07,2024.0,54,Brazil,,,,Right,4,2,1,Medium/Medium,Lean (170-185),No,9900000.0,,,77.0,59.0,70.0,69.0,70.0,68.0,76,52,62,71,50,68,64,63,69,69,76,77,71,69,73,73,65,86,59,60,69,72,65,66,55,72,68,72,71,14,13,12,9,10,,65+2,65+2,65+2,68,67,67,67,68,67+2,67+2,67+2,70+2,69+2,69+2,69+2,70+2,73+2,71+2,71+2,71+2,73+2,73+2,68+2,68+2,68+2,73+2,18+2,https://cdn.sofifa.net/players/230/219/22_120.png,https://cdn.sofifa.net/teams/1043/60.png,https://cdn.sofifa.net/flags/br.png,,https://cdn.sofifa.net/flags/br.png
2256,230274,https://sofifa.com/player/230274/danilo-manuel-aldair-rochela/220002,Dani Rochelinhas,Danilo Manuel Aldair Rochela,"CAM, CM",74,74,4100000.0,15000.0,29,1992-02-29,178,75,1039.0,Club Athletico Paranaense,Campeonato Brasileiro Série A,1.0,LCM,21.0,,2021-07-07,2024.0,54,Brazil,,,,Left,3,4,1,High/Low,Normal (170-185),No,7800000.0,,"Playmaker (AI), Technical Dribbler (AI)",76.0,63.0,72.0,76.0,34.0,59.0,66,64,51,74,61,75,72,73,71,76,81,72,82,74,67,55,51,71,54,62,57,41,77,76,71,78,26,33,32,13,8,10,9,10,,67+2,67+2,67+2,73,72,72,72,73,74,74,74,73+1,70+2,70+2,70+2,73+1,58+2,56+2,56+2,56+2,58+2,54+2,46+2,46+2,46+2,54+2,17+2,https://cdn.sofifa.net/players/230/274/22_120.png,https://cdn.sofifa.net/teams/1039/60.png,https://cdn.sofifa.net/flags/br.png,,https://cdn.sofifa.net/flags/br.png
2329,236108,https://sofifa.com/player/236108/estevao-danilo-baldeiro-lopes/220002,Estevão Baldeiro,Estevão Danilo Baldeiro Lopes,CB,74,74,4100000.0,27000.0,25,1996-02-29,186,85,1043.0,Flamengo,Campeonato Brasileiro Série A,1.0,SUB,26.0,,2021-07-07,2024.0,54,Brazil,,,,Right,3,2,1,High/High,Stocky (185+),No,7400000.0,,,75.0,56.0,60.0,64.0,76.0,75.0,62,41,75,64,57,59,48,63,51,71,79,71,60,62,66,75,71,72,78,72,74,75,49,62,55,65,76,78,76,12,11,19,16,16,,62+2,62+2,62+2,62,62,62,62,62,62+2,62+2,62+2,62+2,63+2,63+2,63+2,62+2,70+2,70+2,70+2,70+2,70+2,72+2,74,74,74,72+2,19+2,https://cdn.sofifa.net/players/236/108/22_120.png,https://cdn.sofifa.net/teams/1043/60.png,https://cdn.sofifa.net/flags/br.png,,https://cdn.sofifa.net/flags/br.png
2451,166072,https://sofifa.com/player/166072/danilo-larangeira/220002,Danilo,Danilo Larangeira,CB,73,73,550000.0,16000.0,37,1984-05-10,185,75,50.0,Parma,Italian Serie B,2.0,RCB,95.0,,2021-09-01,2023.0,54,Brazil,,,,Right,3,2,2,Low/Medium,Normal (185+),No,990000.0,,"Solid Player, Long Passer (AI)",38.0,39.0,49.0,53.0,78.0,66.0,30,24,71,60,22,46,34,30,66,60,34,42,45,70,60,68,74,54,67,48,76,81,25,42,48,75,80,78,74,11,8,11,5,6,,48+2,48+2,48+2,44,47,47,47,44,48+2,48+2,48+2,46+2,57+2,57+2,57+2,46+2,61+2,69+2,69+2,69+2,61+2,64+2,73,73,73,64+2,15+2,https://cdn.sofifa.net/players/166/072/22_120.png,https://cdn.sofifa.net/teams/50/60.png,https://cdn.sofifa.net/flags/it.png,,https://cdn.sofifa.net/flags/br.png
5232,239881,https://sofifa.com/player/239881/danilo-pereira-da-silva/220002,Danilo,Danilo Pereira Da Silva,ST,70,78,3600000.0,9000.0,22,1999-04-07,174,66,245.0,Ajax,Holland Eredivisie,1.0,SUB,9.0,,2017-08-31,2022.0,54,Brazil,,,,Right,3,3,1,Medium/Low,Normal (170-185),No,5800000.0,,"Flair, Outside Foot Shot, Technical Dribbler (AI)",76.0,70.0,58.0,73.0,22.0,65.0,44,75,67,66,67,72,68,62,44,74,75,77,76,63,80,67,77,72,65,66,51,15,69,65,66,68,21,16,13,10,9,9,8,11,,70+2,70+2,70+2,69,70,70,70,69,69+2,69+2,69+2,67+2,60+2,60+2,60+2,67+2,47+2,44+2,44+2,44+2,47+2,43+2,39+2,39+2,39+2,43+2,15+2,https://cdn.sofifa.net/players/239/881/22_120.png,https://cdn.sofifa.net/teams/245/60.png,https://cdn.sofifa.net/flags/nl.png,,https://cdn.sofifa.net/flags/br.png
9179,230268,https://sofifa.com/player/230268/estevao-danilo-rios-chiamulera/220002,Estevãtinho,Estevão Danilo Rios Chiamulera,CAM,66,66,850000.0,7000.0,29,1992-02-29,178,74,567.0,Fluminense,Campeonato Brasileiro Série A,1.0,SUB,17.0,,2021-07-07,2024.0,54,Brazil,,,,Right,3,3,1,Medium/Low,Normal (170-185),No,1600000.0,,,44.0,57.0,73.0,65.0,27.0,57.0,74,54,49,73,49,63,63,68,72,71,42,45,58,52,70,49,66,49,66,73,44,23,64,78,44,62,12,33,35,10,9,12,8,12,,58+2,58+2,58+2,63,62,62,62,63,66,66,66,63+2,64+2,64+2,64+2,63+2,48+2,49+2,49+2,49+2,48+2,44+2,40+2,40+2,40+2,44+2,15+2,https://cdn.sofifa.net/players/230/268/22_120.png,https://cdn.sofifa.net/teams/567/60.png,https://cdn.sofifa.net/flags/br.png,,https://cdn.sofifa.net/flags/br.png
10324,230509,https://sofifa.com/player/230509/danilo-manuel-sacrio-dano/220002,Danilo Sacrio,Danilo Manuel Sacrio Dano,ST,65,65,725000.0,5000.0,29,1992-02-29,176,72,112476.0,Associação Chapecoense de Futebol,Campeonato Brasileiro Série A,1.0,SUB,20.0,,2021-07-07,2024.0,54,Brazil,,,,Right,3,3,1,Medium/Medium,Normal (170-185),No,1400000.0,,,85.0,64.0,45.0,68.0,27.0,56.0,43,66,60,52,68,67,43,46,38,64,82,87,89,61,75,70,80,40,61,58,56,25,57,41,58,62,18,28,26,13,10,7,12,9,,65,65,65,63,63,63,63,63,59+2,59+2,59+2,59+2,50+2,50+2,50+2,59+2,45+2,41+2,41+2,41+2,45+2,44+2,42+2,42+2,42+2,44+2,16+2,https://cdn.sofifa.net/players/230/509/22_120.png,https://cdn.sofifa.net/teams/112476/60.png,https://cdn.sofifa.net/flags/br.png,,https://cdn.sofifa.net/flags/br.png
71,164240,https://sofifa.com/player/164240/thiago-emiliano-da-silva/220002,Thiago Silva,Thiago Emiliano da Silva,CB,85,85,9500000.0,105000.0,36,1984-09-22,183,79,5.0,Chelsea,English Premier League,1.0,SUB,6.0,,2020-08-28,2022.0,54,Brazil,,,,Right,3,2,4,Medium/High,Normal (170-185),Yes,17600000.0,#Tactician ,"Leadership, Power Header",53.0,54.0,72.0,72.0,86.0,78.0,60,40,81,80,61,67,62,61,80,79,52,54,67,82,66,71,88,68,82,65,76,88,59,71,60,86,87,86,84,9,12,5,9,10,,65+3,65+3,65+3,65,67,67,67,65,69+3,69+3,69+3,67+3,75+3,75+3,75+3,67+3,76+3,82+3,82+3,82+3,76+3,77+3,83+2,83+2,83+2,77+3,18+3,https://cdn.sofifa.net/players/164/240/22_120.png,https://cdn.sofifa.net/teams/5/60.png,https://cdn.sofifa.net/flags/gb-eng.png,,https://cdn.sofifa.net/flags/br.png
12008,255716,https://sofifa.com/player/255716/thiago-rodrigues-de-souza/220002,Thiago,Thiago Rodrigues de Souza,"LM, CDM",64,67,800000.0,2000.0,24,1997-03-18,177,60,110747.0,Cracovia,Polish T-Mobile Ekstraklasa,1.0,RES,21.0,,2020-02-01,2023.0,54,Brazil,,,,Right,3,3,1,Medium/Medium,Lean (170-185),No,1100000.0,,,76.0,49.0,60.0,65.0,48.0,60.0,56,47,47,64,32,63,41,39,66,66,77,76,73,58,80,57,63,65,57,49,61,52,56,60,51,60,46,47,45,13,13,13,5,13,,57+2,57+2,57+2,62,60,60,60,62,62+2,62+2,62+2,63+2,61+2,61+2,61+2,63+2,58+2,57+2,57+2,57+2,58+2,56+2,53+2,53+2,53+2,56+2,16+2,https://cdn.sofifa.net/players/255/716/22_120.png,https://cdn.sofifa.net/teams/110747/60.png,https://cdn.sofifa.net/flags/pl.png,,https://cdn.sofifa.net/flags/br.png
39,207865,https://sofifa.com/player/207865/marcos-aoas-correa/220002,Marquinhos,Marcos Aoás Corrêa,"CB, CDM",87,90,90500000.0,135000.0,27,1994-05-14,183,75,73.0,Paris Saint-Germain,French Ligue 1,1.0,RCB,5.0,,2013-07-19,2024.0,54,Brazil,,,,Right,3,3,3,Medium/High,Normal (170-185),Yes,174200000.0,"#Tackling, #Tactician ","Leadership, Long Passer (AI), Power Header, Team Player",81.0,53.0,75.0,74.0,89.0,81.0,68,51,88,84,35,69,58,32,85,79,81,81,69,87,67,65,92,83,78,45,81,88,68,74,52,86,89,89,89,6,6,12,10,13,,70+3,70+3,70+3,72,72,72,72,72,74+3,74+3,74+3,75+3,79+3,79+3,79+3,75+3,83+3,85+3,85+3,85+3,83+3,84+3,86+3,86+3,86+3,84+3,18+3,https://cdn.sofifa.net/players/207/865/22_120.png,https://cdn.sofifa.net/teams/73/60.png,https://cdn.sofifa.net/flags/fr.png,,https://cdn.sofifa.net/flags/br.png
5304,244497,https://sofifa.com/player/244497/marcos-robson-cipriano/220002,Marquinhos Cipriano,Marcos Robson Cipriano,"LB, LM",70,79,3400000.0,500.0,22,1999-02-09,173,68,110770.0,FC Sion,Swiss Super League,1.0,LB,70.0,Shakhtar Donetsk,,2022.0,54,Brazil,,,,Left,3,3,1,Medium/Medium,Normal (170-185),No,,,Speed Dribbler (AI),79.0,54.0,64.0,69.0,63.0,60.0,71,58,34,70,53,69,45,48,62,66,81,78,78,67,76,52,41,71,58,43,57,63,65,58,50,66,64,69,68,12,6,13,14,10,,60+2,60+2,60+2,67,64,64,64,67,65+2,65+2,65+2,68+2,65+2,65+2,65+2,68+2,69+2,65+2,65+2,65+2,69+2,68+2,61+2,61+2,61+2,68+2,17+2,https://cdn.sofifa.net/players/244/497/22_120.png,https://cdn.sofifa.net/teams/110770/60.png,https://cdn.sofifa.net/flags/ch.png,,https://cdn.sofifa.net/flags/br.png
153,191043,https://sofifa.com/player/191043/alex-sandro-lobo-silva/220002,Alex Sandro,Alex Sandro Lobo Silva,"LB, LM",83,83,31500000.0,95000.0,30,1991-01-26,180,80,45.0,Juventus,Italian Serie A,1.0,LB,12.0,,2015-08-21,2023.0,54,Brazil,,,,Left,3,3,3,High/Medium,Unique,Yes,52000000.0,,Speed Dribbler (AI),81.0,65.0,77.0,79.0,78.0,79.0,84,55,76,81,68,79,78,59,71,80,78,83,78,80,77,78,79,83,77,72,80,76,70,70,60,80,76,80,80,7,7,9,12,5,,73+3,73+3,73+3,76,75,75,75,76,75+3,75+3,75+3,77+3,76+3,76+3,76+3,77+3,80+3,78+3,78+3,78+3,80+3,80+3,78+3,78+3,78+3,80+3,16+3,https://cdn.sofifa.net/players/191/043/22_120.png,https://cdn.sofifa.net/teams/45/60.png,https://cdn.sofifa.net/flags/it.png,,https://cdn.sofifa.net/flags/br.png
2522,190782,https://sofifa.com/player/190782/sandro-r-g-cordeiro/220002,Sandro,Sandro Raniere Guimarães Cordeiro,"CDM, CM",73,73,2000000.0,6000.0,32,1989-03-15,187,82,1889.0,Belenenses SAD,Portuguese Liga ZON SAGRES,1.0,SUB,85.0,,2021-07-01,2023.0,54,Brazil,,,,Right,3,3,2,Medium/Medium,Normal (185+),No,4200000.0,,"Injury Prone, Dives Into Tackles (AI)",52.0,67.0,67.0,67.0,74.0,71.0,60,61,66,72,58,66,56,54,71,72,48,55,53,70,59,80,65,48,78,71,85,74,62,68,62,75,79,73,72,12,16,10,11,12,,67+2,67+2,67+2,64,66,66,66,64,67+2,67+2,67+2,64+2,69+2,69+2,69+2,64+2,67+2,72+1,72+1,72+1,67+2,67+2,74-1,74-1,74-1,67+2,19+2,https://cdn.sofifa.net/players/190/782/22_120.png,https://cdn.sofifa.net/teams/1889/60.png,https://cdn.sofifa.net/flags/pt.png,,https://cdn.sofifa.net/flags/br.png
12401,209975,https://sofifa.com/player/209975/alex-de-lima/220002,Alex,Alexandre Monteiro de Lima,"CAM, CM",63,63,375000.0,500.0,32,1988-12-15,173,75,114168.0,Jamshedpur FC,Indian Super League,1.0,LCM,14.0,,2020-08-31,2022.0,54,Brazil,,,,Left,3,3,1,Medium/Medium,Normal (170-185),No,506000.0,,,74.0,59.0,64.0,67.0,51.0,68.0,65,58,45,65,53,66,70,58,65,65,73,74,74,58,73,67,37,76,68,53,68,65,61,61,62,68,45,51,43,10,11,11,10,9,,61+2,61+2,61+2,64-1,63,63,63,64-1,63,63,63,65-2,63,63,63,65-2,62+1,61+2,61+2,61+2,62+1,59+2,55+2,55+2,55+2,59+2,15+2,https://cdn.sofifa.net/players/209/975/22_120.png,https://cdn.sofifa.net/teams/114168/60.png,https://cdn.sofifa.net/flags/in.png,,https://cdn.sofifa.net/flags/br.png
279,240130,https://sofifa.com/player/240130/eder-gabriel-militao/220002,Éder Militão,Éder Gabriel Militão,CB,82,89,56500000.0,130000.0,23,1998-01-18,186,78,243.0,Real Madrid CF,Spain Primera Division,1.0,RCB,3.0,,2019-07-01,2025.0,54,Brazil,,,,Right,3,2,2,Medium/Medium,Lean (170-185),Yes,127100000.0,,,83.0,50.0,69.0,71.0,83.0,82.0,72,48,81,77,34,70,60,40,70,73,81,84,69,83,63,62,86,85,80,42,82,84,64,59,60,74,83,83,82,11,8,15,12,15,,67+2,67+2,67+2,69,68,68,68,69,68+2,68+2,68+2,72+2,72+2,72+2,72+2,72+2,80+2,79+2,79+2,79+2,80+2,81+2,82+2,82+2,82+2,81+2,20+2,https://cdn.sofifa.net/players/240/130/22_120.png,https://cdn.sofifa.net/teams/243/60.png,https://cdn.sofifa.net/flags/es.png,,https://cdn.sofifa.net/flags/br.png
61,209499,https://sofifa.com/player/209499/fabio-henrique-tavares/220002,Fabinho,Fábio Henrique Tavares,"CDM, CB",86,88,73500000.0,165000.0,27,1993-10-23,188,78,9.0,Liverpool,English Premier League,1.0,CDM,3.0,,2018-07-01,2026.0,54,Brazil,,,,Right,2,3,3,Medium/High,Unique,Yes,141500000.0,"#Tackling, #Tactician ","Dives Into Tackles (AI), Long Passer (AI)",67.0,69.0,78.0,78.0,85.0,83.0,75,63,75,84,47,78,71,53,82,81,65,68,64,86,64,81,75,88,81,70,85,87,70,75,90,84,86,87,85,13,12,6,8,8,,74+3,74+3,74+3,75,75,75,75,75,76+3,76+3,76+3,77+3,81+3,81+3,81+3,77+3,82+3,84+3,84+3,84+3,82+3,82+3,84+3,84+3,84+3,82+3,18+3,https://cdn.sofifa.net/players/209/499/22_120.png,https://cdn.sofifa.net/teams/9/60.png,https://cdn.sofifa.net/flags/gb-eng.png,,https://cdn.sofifa.net/flags/br.png
659,247851,https://sofifa.com/player/247851/bruno-guimaraes-moura/220002,Bruno Guimarães,Bruno Guimarães Rodriguez Moura,"CDM, CM",79,84,24500000.0,52000.0,23,1997-11-16,182,78,66.0,Olympique Lyonnais,French Ligue 1,1.0,RDM,39.0,,2020-01-30,2024.0,54,Brazil,,,,Right,3,3,2,Medium/High,Normal (170-185),Yes,48400000.0,,"Long Passer (AI), Outside Foot Shot",68.0,63.0,78.0,78.0,73.0,75.0,66,60,60,84,66,78,75,62,82,80,66,69,71,77,73,66,59,84,72,67,74,75,66,82,65,80,75,76,71,7,11,15,11,11,,69+2,69+2,69+2,73,73,73,73,73,76+2,76+2,76+2,75+2,79+2,79+2,79+2,75+2,75+2,78+2,78+2,78+2,75+2,74+2,73+2,73+2,73+2,74+2,18+2,https://cdn.sofifa.net/players/247/851/22_120.png,https://cdn.sofifa.net/teams/66/60.png,https://cdn.sofifa.net/flags/fr.png,,https://cdn.sofifa.net/flags/br.png
14,200145,https://sofifa.com/player/200145/carlos-henrique-venancio-casimiro/220002,Casemiro,Carlos Henrique Venancio Casimiro,CDM,89,89,88000000.0,310000.0,29,1992-02-23,185,84,243.0,Real Madrid CF,Spain Primera Division,1.0,CDM,14.0,,2013-07-11,2025.0,54,Brazil,,,,Right,3,2,3,High/High,Unique,Yes,180400000.0,"#Engine, #Tackling, #Tactician, #Strength, #Complete Defender","Power Free-Kick, Dives Into Tackles (AI), Long Shot Taker (AI), Team Player",65.0,73.0,76.0,73.0,86.0,90.0,58,64,79,84,62,69,62,74,84,79,60,69,61,87,66,88,87,89,90,81,91,87,75,80,66,84,85,88,87,13,14,16,12,12,,76+3,76+3,76+3,72,76,76,76,72,76+3,76+3,76+3,74+3,82+3,82+3,82+3,74+3,80+3,86+3,86+3,86+3,80+3,81+3,86+3,86+3,86+3,81+3,21+3,https://cdn.sofifa.net/players/200/145/22_120.png,https://cdn.sofifa.net/teams/243/60.png,https://cdn.sofifa.net/flags/es.png,,https://cdn.sofifa.net/flags/br.png
6730,213509,https://sofifa.com/player/213509/lucas-alves-de-araujo/220002,Lucas,Lucas Alves de Araújo,CB,68,68,1000000.0,8000.0,28,1992-07-22,193,89,112572.0,Al Tai,Saudi Abdul L. Jameel League,1.0,RCB,5.0,,2021-07-03,2023.0,54,Brazil,,,,Right,3,2,1,Medium/Medium,Normal (185+),No,1700000.0,#Strength,,40.0,39.0,49.0,39.0,68.0,78.0,43,42,75,63,41,25,33,25,59,53,38,42,34,58,38,46,75,77,88,25,57,67,30,33,37,66,67,69,65,14,13,10,10,8,,48+2,48+2,48+2,41,42,42,42,41,43+2,43+2,43+2,45+2,52+2,52+2,52+2,45+2,58+2,63+2,63+2,63+2,58+2,61+2,68,68,68,61+2,16+2,https://cdn.sofifa.net/players/213/509/22_120.png,https://cdn.sofifa.net/teams/112572/60.png,https://cdn.sofifa.net/flags/sa.png,,https://cdn.sofifa.net/flags/br.png
271,233419,https://sofifa.com/player/233419/raphael-dias-belloli/220002,Raphinha,Raphael Dias Belloli,"RM, RW",82,87,46000000.0,89000.0,24,1996-12-14,176,68,8.0,Leeds United,English Premier League,1.0,RM,10.0,,2020-10-06,2024.0,54,Brazil,,,,Left,4,4,2,High/High,Lean (170-185),Yes,90900000.0,"#Speedster, #Dribbler, #Acrobat","Flair, Long Shot Taker (AI), Speed Dribbler (AI), Playmaker (AI), Technical Dribbler (AI)",91.0,76.0,76.0,84.0,49.0,72.0,78,74,45,76,72,86,81,75,70,83,90,91,88,82,79,81,74,84,64,76,76,55,81,77,73,78,45,54,38,8,7,13,8,14,,76+2,76+2,76+2,82,81,81,81,82,80+2,80+2,80+2,81+2,76+2,76+2,76+2,81+2,69+2,66+2,66+2,66+2,69+2,66+2,58+2,58+2,58+2,66+2,17+2,https://cdn.sofifa.net/players/233/419/22_120.png,https://cdn.sofifa.net/teams/8/60.png,https://cdn.sofifa.net/flags/gb-eng.png,,https://cdn.sofifa.net/flags/br.png
336,209297,https://sofifa.com/player/209297/frederico-de-paula-santos/220002,Fred,Frederico Rodrigues de Paula Santos,"CDM, CM",81,81,22500000.0,120000.0,28,1993-03-05,169,62,11.0,Manchester United,English Premier League,1.0,LDM,17.0,,2018-06-21,2023.0,54,Brazil,,,,Left,4,4,3,High/High,Lean (170-),Yes,41600000.0,"#Engine, #Acrobat","Solid Player, Long Shot Taker (AI)",77.0,66.0,77.0,81.0,75.0,71.0,70,60,52,82,65,79,76,74,80,80,81,74,88,86,87,77,80,93,52,68,87,83,70,73,64,79,74,80,70,7,16,15,11,15,,70+3,70+3,70+3,76,75,75,75,76,77+3,77+3,77+3,77+3,79+2,79+2,79+2,77+3,79+2,80+1,80+1,80+1,79+2,78+3,74+3,74+3,74+3,78+3,21+3,https://cdn.sofifa.net/players/209/297/22_120.png,https://cdn.sofifa.net/teams/11/60.png,https://cdn.sofifa.net/flags/gb-eng.png,,https://cdn.sofifa.net/flags/br.png
815,230440,https://sofifa.com/player/230440/fred-claudinei-tofoli-vilela/220002,Fredditinho,Fred Claudinei Tófoli Vilela,ST,78,78,9000000.0,43000.0,33,1988-02-29,188,87,383.0,Palmeiras,Campeonato Brasileiro Série A,1.0,ST,10.0,,2021-07-08,2024.0,54,Brazil,,,,Right,1,2,1,Medium/Medium,Normal (185+),No,17100000.0,#Strength,Injury Prone,73.0,80.0,63.0,74.0,39.0,76.0,50,83,81,69,74,72,52,65,68,74,74,73,82,74,80,78,83,65,90,77,55,45,78,65,83,72,26,39,24,14,12,7,14,13,,78,78,78,72,74,74,74,72,73+2,73+2,73+2,70+2,68+2,68+2,68+2,70+2,54+2,56+2,56+2,56+2,54+2,53+2,54+2,54+2,54+2,53+2,20+2,https://cdn.sofifa.net/players/230/440/22_120.png,https://cdn.sofifa.net/teams/383/60.png,https://cdn.sofifa.net/flags/br.png,,https://cdn.sofifa.net/flags/br.png
1370,230317,https://sofifa.com/player/230317/fred-marcos-anibal-dias/220002,Fred Aníbão,Fred Marcos Aníbal Dias,GK,76,76,5000000.0,13000.0,29,1992-02-29,192,90,1039.0,Club Athletico Paranaense,Campeonato Brasileiro Série A,1.0,GK,1.0,,2021-07-07,2024.0,54,Brazil,,,,Right,2,1,1,Medium/Medium,Normal (185+),No,9500000.0,,GK Long Throw,,,,,,,9,7,8,15,11,8,12,13,18,21,31,33,42,77,23,57,69,23,84,8,41,27,20,51,19,66,14,7,8,71,77,76,72,77,32.0,27+2,27+2,27+2,23,27,27,27,23,26+2,26+2,26+2,24+2,26+2,26+2,26+2,24+2,22+2,27+2,27+2,27+2,22+2,22+2,28+2,28+2,28+2,22+2,75+1,https://cdn.sofifa.net/players/230/317/22_120.png,https://cdn.sofifa.net/teams/1039/60.png,https://cdn.sofifa.net/flags/br.png,,https://cdn.sofifa.net/flags/br.png
2864,230175,https://sofifa.com/player/230175/frederico-peter-cabral-bardini/220002,Freder Cabral,Frederico Peter Cabral Bardini,GK,73,73,2100000.0,21000.0,29,1992-02-29,188,83,1035.0,Clube Atlético Mineiro,Campeonato Brasileiro Série A,1.0,GK,23.0,,2021-07-05,2024.0,54,Brazil,,,,Right,2,1,1,Medium/Medium,Normal (185+),No,3800000.0,,,,,,,,,19,11,17,14,15,21,20,12,16,21,42,53,40,70,39,52,41,31,56,14,22,15,12,67,13,62,17,14,10,73,77,69,76,66,46.0,28+2,28+2,28+2,28,30,30,30,28,30+2,30+2,30+2,29+2,28+2,28+2,28+2,29+2,25+2,24+2,24+2,24+2,25+2,25+2,24+2,24+2,24+2,25+2,72+1,https://cdn.sofifa.net/players/230/175/22_120.png,https://cdn.sofifa.net/teams/1035/60.png,https://cdn.sofifa.net/flags/br.png,,https://cdn.sofifa.net/flags/br.png
3598,230519,https://sofifa.com/player/230519/leandro-freddy-vivenco-morais/220002,Leandro Vivenço,Leandro Freddy Vivenço Morais,ST,72,72,2800000.0,11000.0,21,2000-02-29,174,69,112472.0,RB Bragantino,Campeonato Brasileiro Série A,1.0,SUB,14.0,,2021-07-05,2024.0,54,Brazil,,,,Right,3,3,1,Medium/Medium,Normal (170-185),No,5300000.0,,,75.0,76.0,59.0,75.0,30.0,62.0,61,76,65,55,72,77,77,74,57,75,73,76,73,74,83,83,75,78,54,73,57,22,65,57,71,62,33,22,21,14,11,10,18,17,,72,72,72,70,71,71,71,70,68+2,68+2,68+2,69+2,61+2,61+2,61+2,69+2,52+2,48+2,48+2,48+2,52+2,49+2,42+2,42+2,42+2,49+2,21+2,https://cdn.sofifa.net/players/230/519/22_120.png,https://cdn.sofifa.net/teams/112472/60.png,https://cdn.sofifa.net/flags/br.png,,https://cdn.sofifa.net/flags/br.png
5065,230190,https://sofifa.com/player/230190/renato-fred-baumer-trigo/220002,Renatão Baumer,Renato Fred Baumer Trigo,LB,70,70,1600000.0,12000.0,25,1996-02-29,178,76,111041.0,Juventude,Campeonato Brasileiro Série A,1.0,SUB,19.0,,2021-07-08,2024.0,54,Brazil,,,,Left,2,2,1,High/Medium,Stocky (170-185),No,3000000.0,,,65.0,52.0,64.0,59.0,69.0,71.0,70,47,68,72,52,56,62,58,64,64,64,66,53,62,69,57,70,75,70,60,69,64,51,48,48,62,65,75,70,10,9,8,14,9,,59+2,59+2,59+2,60,58,58,58,60,59+2,59+2,59+2,62+2,62+2,62+2,62+2,62+2,68+2,67+2,67+2,67+2,68+2,68+2,68+2,68+2,68+2,68+2,16+2,https://cdn.sofifa.net/players/230/190/22_120.png,https://cdn.sofifa.net/teams/111041/60.png,https://cdn.sofifa.net/flags/br.png,,https://cdn.sofifa.net/flags/br.png
5067,230194,https://sofifa.com/player/230194/jaime-frederico-cavaco-dorta/220002,Jaimosa Cavaco,Jaime Frederico Cavaco Dorta,RB,70,70,1700000.0,9000.0,21,2000-02-29,168,60,111041.0,Juventude,Campeonato Brasileiro Série A,1.0,SUB,3.0,,2021-07-08,2024.0,54,Brazil,,,,Right,3,2,1,Low/Medium,Lean (170-),No,3200000.0,,,72.0,63.0,52.0,57.0,66.0,46.0,72,75,58,56,70,50,46,31,47,53,71,72,70,69,88,43,35,84,24,63,55,70,42,35,50,73,68,62,69,12,10,18,12,14,,57+2,57+2,57+2,59,56,56,56,59,54+2,54+2,54+2,59+2,55+2,55+2,55+2,59+2,67+2,60+2,60+2,60+2,67+2,68+2,59+2,59+2,59+2,68+2,19+2,https://cdn.sofifa.net/players/230/194/22_120.png,https://cdn.sofifa.net/teams/111041/60.png,https://cdn.sofifa.net/flags/br.png,,https://cdn.sofifa.net/flags/br.png
5958,230178,https://sofifa.com/player/230178/frederico-tomas-mutto-heck/220002,Fredinho Mutto,Frederico Tomás Mutto Heck,LB,69,69,1200000.0,7000.0,29,1992-02-29,178,78,1598.0,Bahia,Campeonato Brasileiro Série A,1.0,SUB,5.0,,2021-06-30,2024.0,54,Brazil,,,,Left,2,2,1,Medium/Medium,Normal (170-185),No,2300000.0,,"Dives Into Tackles (AI), Long Passer (AI)",70.0,46.0,65.0,55.0,64.0,73.0,67,44,57,69,48,45,68,55,76,60,67,72,67,68,67,44,42,68,72,55,87,73,49,47,40,64,66,56,75,7,13,9,8,9,,55+2,55+2,55+2,57,55,55,55,57,57+2,57+2,57+2,60+2,61+2,61+2,61+2,60+2,67+2,68+1,68+1,68+1,67+2,67+2,67+2,67+2,67+2,67+2,16+2,https://cdn.sofifa.net/players/230/178/22_120.png,https://cdn.sofifa.net/teams/1598/60.png,https://cdn.sofifa.net/flags/br.png,,https://cdn.sofifa.net/flags/br.png
6975,230363,https://sofifa.com/player/230363/paulo-fred-mesqueira-serpa/220002,Paulo Mesqueira,Paulo Fred Mesqueira Serpa,"CM, RB, LB",68,68,750000.0,7000.0,33,1988-02-29,175,71,112476.0,Associação Chapecoense de Futebol,Campeonato Brasileiro Série A,1.0,LWB,15.0,,2021-08-13,2024.0,54,Brazil,,,,Left,5,2,1,Medium/Medium,Normal (170-185),No,1400000.0,,"Power Free-Kick, Long Passer (AI)",52.0,69.0,71.0,66.0,64.0,64.0,72,63,58,75,51,68,68,70,71,69,52,52,53,60,62,88,58,74,66,71,50,64,63,63,63,60,62,68,66,15,15,13,8,13,,65+2,65+2,65+2,65,66,66,66,65,66+2,66+2,66+2,66+2,68,68,68,66+2,67+1,67+1,67+1,67+1,67+1,65+2,63+2,63+2,63+2,65+2,18+2,https://cdn.sofifa.net/players/230/363/22_120.png,https://cdn.sofifa.net/teams/112476/60.png,https://cdn.sofifa.net/flags/br.png,,https://cdn.sofifa.net/flags/br.png
8166,236167,https://sofifa.com/player/236167/fred-marcos-cardouso-pombal/220002,Freddy Cardouso,Fred Marcos Cardouso Pombal,"CAM, CF",67,67,1200000.0,4000.0,21,2000-02-29,172,70,112119.0,Atlético Clube Goianiense,Campeonato Brasileiro Série A,1.0,SUB,20.0,,2021-06-30,2024.0,54,Brazil,,,,Left,4,3,1,Medium/Low,Normal (170-185),No,2300000.0,,Playmaker (AI),65.0,56.0,70.0,71.0,40.0,55.0,74,52,50,71,50,72,76,70,64,66,67,64,72,71,81,58,64,60,58,60,40,58,68,66,68,72,30,37,36,9,9,15,17,9,,61+2,61+2,61+2,67,65,65,65,67,67,67,67,67,65+2,65+2,65+2,67,58+2,56+2,56+2,56+2,58+2,55+2,48+2,48+2,48+2,55+2,18+2,https://cdn.sofifa.net/players/236/167/22_120.png,https://cdn.sofifa.net/teams/112119/60.png,https://cdn.sofifa.net/flags/br.png,,https://cdn.sofifa.net/flags/br.png
632,232580,https://sofifa.com/player/232580/gabriel-dos-s-magalhaes/220002,Gabriel,Gabriel dos Santos Magalhães,CB,79,84,24000000.0,65000.0,23,1997-12-19,190,87,1.0,Arsenal,English Premier League,1.0,LCB,6.0,,2020-09-01,2025.0,54,Brazil,,,,Left,2,2,2,Medium/High,Normal (185+),No,47400000.0,#Strength,,68.0,36.0,60.0,58.0,80.0,80.0,38,31,82,75,28,52,47,27,71,66,62,72,51,78,37,51,70,67,86,30,82,78,44,59,40,74,80,81,78,12,8,13,10,7,,57+2,57+2,57+2,55,57,57,57,55,59+2,59+2,59+2,59+2,65+2,65+2,65+2,59+2,69+2,75+2,75+2,75+2,69+2,72+2,79+2,79+2,79+2,72+2,17+2,https://cdn.sofifa.net/players/232/580/22_120.png,https://cdn.sofifa.net/teams/1/60.png,https://cdn.sofifa.net/flags/gb-eng.png,,https://cdn.sofifa.net/flags/br.png
1261,208141,https://sofifa.com/player/208141/gabriel-appelt-pires/220002,Gabriel,Gabriel Appelt Pires,"CM, CDM",76,77,8500000.0,14000.0,27,1993-09-18,187,83,234.0,SL Benfica,Portuguese Liga ZON SAGRES,1.0,SUB,8.0,,2018-08-27,2024.0,54,Brazil,,,,Left,5,3,1,Medium/High,Normal (185+),Yes,17600000.0,,"Injury Prone, Long Passer (AI), Playmaker (AI), Outside Foot Shot",59.0,72.0,74.0,77.0,75.0,80.0,68,67,74,75,67,79,74,73,76,78,64,55,65,75,67,82,80,77,81,77,81,75,74,76,67,81,76,74,71,12,8,14,15,15,,73+2,73+2,73+2,72,74,74,74,72,74+2,74+2,74+2,73+2,76+1,76+1,76+1,73+2,73+2,76+1,76+1,76+1,73+2,72+2,75+2,75+2,75+2,72+2,19+2,https://cdn.sofifa.net/players/208/141/22_120.png,https://cdn.sofifa.net/teams/234/60.png,https://cdn.sofifa.net/flags/pt.png,,https://cdn.sofifa.net/flags/br.png
1457,251566,https://sofifa.com/player/251566/gabriel-teodoro-martinelli-silva/220002,Gabriel Martinelli,Gabriel Teodoro Martinelli Silva,"LM, LW",76,88,18000000.0,49000.0,20,2001-06-18,179,75,1.0,Arsenal,English Premier League,1.0,SUB,35.0,,2019-07-02,2024.0,54,Brazil,,,,Right,3,3,1,High/High,Lean (170-185),Yes,37800000.0,,"Finesse Shot, Outside Foot Shot, Technical Dribbler (AI)",87.0,69.0,67.0,78.0,44.0,67.0,72,74,72,70,61,78,70,49,50,77,88,86,83,74,79,68,55,76,61,60,75,37,74,72,60,73,44,40,43,10,6,7,6,6,,73+2,73+2,73+2,76,75,75,75,76,74+2,74+2,74+2,75+2,67+2,67+2,67+2,75+2,63+2,57+2,57+2,57+2,63+2,60+2,54+2,54+2,54+2,60+2,14+2,https://cdn.sofifa.net/players/251/566/22_120.png,https://cdn.sofifa.net/teams/1/60.png,https://cdn.sofifa.net/flags/gb-eng.png,,https://cdn.sofifa.net/flags/br.png
1605,201931,https://sofifa.com/player/201931/gabriel-vasconcelos-f/220002,Gabriel,Gabriel Vasconelos Ferreira,GK,75,76,4500000.0,4000.0,28,1992-09-27,193,90,347.0,Lecce,Italian Serie B,2.0,GK,21.0,,2019-07-03,2022.0,54,Brazil,,,,Right,2,1,1,Medium/Medium,Normal (185+),No,7500000.0,,Comes For Crosses,,,,,,,14,5,12,32,10,20,12,12,17,23,38,34,51,69,48,51,72,34,60,19,28,25,10,45,22,65,16,19,13,77,73,68,75,77,36.0,26+2,26+2,26+2,26,28,28,28,26,29+2,29+2,29+2,27+2,29+2,29+2,29+2,27+2,27+2,29+2,29+2,29+2,27+2,26+2,28+2,28+2,28+2,26+2,74+2,https://cdn.sofifa.net/players/201/931/22_120.png,https://cdn.sofifa.net/teams/347/60.png,https://cdn.sofifa.net/flags/it.png,,https://cdn.sofifa.net/flags/br.png
5879,223358,https://sofifa.com/player/223358/gabriel-costa-franca/220002,Gabriel,Gabriel Costa França,CB,69,72,1600000.0,2000.0,26,1995-03-14,181,80,113197.0,Yokohama FC,Japanese J. League Division 1,1.0,LCB,5.0,,2021-07-19,2024.0,54,Brazil,,,,Right,3,2,1,Low/Medium,Normal (170-185),No,2100000.0,,,64.0,36.0,49.0,54.0,70.0,73.0,26,37,70,66,26,48,25,31,71,60,63,65,51,61,58,48,68,62,81,25,66,66,26,38,44,63,72,69,71,8,7,8,9,8,,50+2,50+2,50+2,48,49,49,49,48,50+2,50+2,50+2,51+2,56+2,56+2,56+2,51+2,60+2,66+2,66+2,66+2,60+2,63+2,69+2,69+2,69+2,63+2,14+2,https://cdn.sofifa.net/players/223/358/22_120.png,https://cdn.sofifa.net/teams/113197/60.png,https://cdn.sofifa.net/flags/jp.png,,https://cdn.sofifa.net/flags/br.png
12471,218737,https://sofifa.com/player/218737/gabriel-rodrigues-de-moura/220002,Gabriel,Gabriel Rodrigues de Moura,"CDM, RB",63,63,240000.0,2000.0,33,1988-06-18,176,70,112637.0,Gaz Metan Mediaş,Romanian Liga I,1.0,SUB,2.0,,2020-01-25,2022.0,54,Brazil,,,,Right,3,3,1,Low/Medium,Normal (170-185),No,324000.0,,Long Throw-in,64.0,41.0,58.0,61.0,62.0,70.0,59,31,56,64,43,60,54,37,56,59,63,64,65,58,69,56,71,64,72,41,70,61,52,55,56,60,64,63,61,10,8,12,13,12,,53+2,53+2,53+2,56,55,55,55,56,56+2,56+2,56+2,58+2,58+2,58+2,58+2,58+2,62+1,62+1,62+1,62+1,62+1,61+2,63,63,63,61+2,16+2,https://cdn.sofifa.net/players/218/737/22_120.png,https://cdn.sofifa.net/teams/112637/60.png,https://cdn.sofifa.net/flags/ro.png,,https://cdn.sofifa.net/flags/br.png
656,243812,https://sofifa.com/player/243812/rodrygo-silva-de-goes/220002,Rodrygo,Rodrygo Silva de Goes,RW,79,88,38500000.0,115000.0,20,2001-01-09,174,64,243.0,Real Madrid CF,Spain Primera Division,1.0,SUB,21.0,,2019-07-01,2025.0,54,Brazil,,,,Right,4,4,1,Medium/Medium,Lean (170-185),Yes,86600000.0,,"Flair, Technical Dribbler (AI)",87.0,76.0,71.0,83.0,32.0,56.0,71,80,62,74,67,84,80,73,60,80,88,86,87,76,85,71,73,81,42,71,54,21,82,71,74,82,25,36,32,9,8,12,8,5,,75+2,75+2,75+2,79,79,79,79,79,78+2,78+2,78+2,78+2,70+2,70+2,70+2,78+2,59+2,53+2,53+2,53+2,59+2,56+2,44+2,44+2,44+2,56+2,15+2,https://cdn.sofifa.net/players/243/812/22_120.png,https://cdn.sofifa.net/teams/243/60.png,https://cdn.sofifa.net/flags/es.png,,https://cdn.sofifa.net/flags/br.png
662,255475,https://sofifa.com/player/255475/antony-matheus-dos-santos/220002,Antony,Antony Matheus dos Santos,RW,79,88,39500000.0,17000.0,21,2000-02-24,174,63,245.0,Ajax,Holland Eredivisie,1.0,RW,11.0,,2020-07-01,2025.0,54,Brazil,,,,Left,3,5,2,High/Medium,Normal (170-185),No,63200000.0,"#Speedster, #Acrobat","Flair, Outside Foot Shot, Technical Dribbler (AI)",91.0,72.0,72.0,84.0,37.0,65.0,70,75,45,73,67,84,74,75,62,84,93,90,92,74,85,69,57,78,57,69,72,39,74,77,65,78,38,37,21,9,10,14,8,13,,73+2,73+2,73+2,79,78,78,78,79,78+2,78+2,78+2,78+2,71+2,71+2,71+2,78+2,61+2,58+2,58+2,58+2,61+2,57+2,48+2,48+2,48+2,57+2,17+2,https://cdn.sofifa.net/players/255/475/22_120.png,https://cdn.sofifa.net/teams/245/60.png,https://cdn.sofifa.net/flags/nl.png,,https://cdn.sofifa.net/flags/br.png
14363,263947,https://sofifa.com/player/263947/antony-alves-santos/220002,Antony,Antony Alves Santos,"CAM, RW, CF",62,77,950000.0,900.0,19,2001-09-08,183,73,112513.0,FC Arouca,Portuguese Liga ZON SAGRES,1.0,RES,27.0,,2021-01-01,2024.0,54,Brazil,,,,Right,3,3,1,Medium/Medium,Lean (170-185),No,2500000.0,,"Flair, Technical Dribbler (AI)",76.0,48.0,60.0,70.0,38.0,49.0,53,46,47,65,53,74,59,50,62,71,73,78,57,63,62,58,51,48,53,40,40,23,48,59,62,63,41,38,48,6,11,15,12,11,,57+2,57+2,57+2,62,62,62,62,62,62+2,62+2,62+2,63+2,58+2,58+2,58+2,63+2,53+2,50+2,50+2,50+2,53+2,51+2,45+2,45+2,45+2,51+2,16+2,https://cdn.sofifa.net/players/263/947/22_120.png,https://cdn.sofifa.net/teams/112513/60.png,https://cdn.sofifa.net/flags/pt.png,,https://cdn.sofifa.net/flags/br.png
268,231943,https://sofifa.com/player/231943/richarlison-de-andrade/220002,Richarlison,Richarlison de Andrade,"ST, LW, LM",82,87,46500000.0,100000.0,24,1997-05-10,181,71,7.0,Everton,English Premier League,1.0,LM,7.0,,2018-07-24,2024.0,54,Brazil,,,,Right,5,4,3,High/Medium,Lean (170-185),Yes,91800000.0,,"Flair, Power Header, Technical Dribbler (AI)",83.0,78.0,73.0,83.0,53.0,80.0,73,80,83,79,75,86,74,65,61,83,85,81,79,82,73,83,86,83,77,70,84,46,83,74,77,81,45,58,48,12,7,8,11,13,,82+3,82+3,82+3,81,81,81,81,81,80+3,80+3,80+3,80+3,75+3,75+3,75+3,80+3,68+3,66+3,66+3,66+3,68+3,67+3,64+3,64+3,64+3,67+3,18+3,https://cdn.sofifa.net/players/231/943/22_120.png,https://cdn.sofifa.net/teams/7/60.png,https://cdn.sofifa.net/flags/gb-eng.png,,https://cdn.sofifa.net/flags/br.png
191,230666,https://sofifa.com/player/230666/gabriel-fernando-de-jesus/220002,Gabriel Jesus,Gabriel Fernando de Jesus,ST,83,87,52500000.0,150000.0,24,1997-04-03,175,73,10.0,Manchester City,English Premier League,1.0,SUB,9.0,,2016-08-03,2023.0,54,Brazil,,,,Right,3,4,2,High/Medium,Unique,Yes,101100000.0,"#Dribbler, #Acrobat","Flair, Chip Shot (AI), Technical Dribbler (AI)",84.0,81.0,72.0,86.0,39.0,73.0,66,84,77,77,77,86,76,54,66,86,87,82,91,86,87,82,79,79,69,76,73,32,87,77,75,79,45,30,28,13,8,6,6,15,,83+2,83+2,83+2,82,83,83,83,82,82+2,82+2,82+2,81+2,74+2,74+2,74+2,81+2,62+2,60+2,60+2,60+2,62+2,58+2,54+2,54+2,54+2,58+2,19+2,https://cdn.sofifa.net/players/230/666/22_120.png,https://cdn.sofifa.net/teams/10/60.png,https://cdn.sofifa.net/flags/gb-eng.png,,https://cdn.sofifa.net/flags/br.png
632,232580,https://sofifa.com/player/232580/gabriel-dos-s-magalhaes/220002,Gabriel,Gabriel dos Santos Magalhães,CB,79,84,24000000.0,65000.0,23,1997-12-19,190,87,1.0,Arsenal,English Premier League,1.0,LCB,6.0,,2020-09-01,2025.0,54,Brazil,,,,Left,2,2,2,Medium/High,Normal (185+),No,47400000.0,#Strength,,68.0,36.0,60.0,58.0,80.0,80.0,38,31,82,75,28,52,47,27,71,66,62,72,51,78,37,51,70,67,86,30,82,78,44,59,40,74,80,81,78,12,8,13,10,7,,57+2,57+2,57+2,55,57,57,57,55,59+2,59+2,59+2,59+2,65+2,65+2,65+2,59+2,69+2,75+2,75+2,75+2,69+2,72+2,79+2,79+2,79+2,72+2,17+2,https://cdn.sofifa.net/players/232/580/22_120.png,https://cdn.sofifa.net/teams/1/60.png,https://cdn.sofifa.net/flags/gb-eng.png,,https://cdn.sofifa.net/flags/br.png
1261,208141,https://sofifa.com/player/208141/gabriel-appelt-pires/220002,Gabriel,Gabriel Appelt Pires,"CM, CDM",76,77,8500000.0,14000.0,27,1993-09-18,187,83,234.0,SL Benfica,Portuguese Liga ZON SAGRES,1.0,SUB,8.0,,2018-08-27,2024.0,54,Brazil,,,,Left,5,3,1,Medium/High,Normal (185+),Yes,17600000.0,,"Injury Prone, Long Passer (AI), Playmaker (AI), Outside Foot Shot",59.0,72.0,74.0,77.0,75.0,80.0,68,67,74,75,67,79,74,73,76,78,64,55,65,75,67,82,80,77,81,77,81,75,74,76,67,81,76,74,71,12,8,14,15,15,,73+2,73+2,73+2,72,74,74,74,72,74+2,74+2,74+2,73+2,76+1,76+1,76+1,73+2,73+2,76+1,76+1,76+1,73+2,72+2,75+2,75+2,75+2,72+2,19+2,https://cdn.sofifa.net/players/208/141/22_120.png,https://cdn.sofifa.net/teams/234/60.png,https://cdn.sofifa.net/flags/pt.png,,https://cdn.sofifa.net/flags/br.png
1605,201931,https://sofifa.com/player/201931/gabriel-vasconcelos-f/220002,Gabriel,Gabriel Vasconelos Ferreira,GK,75,76,4500000.0,4000.0,28,1992-09-27,193,90,347.0,Lecce,Italian Serie B,2.0,GK,21.0,,2019-07-03,2022.0,54,Brazil,,,,Right,2,1,1,Medium/Medium,Normal (185+),No,7500000.0,,Comes For Crosses,,,,,,,14,5,12,32,10,20,12,12,17,23,38,34,51,69,48,51,72,34,60,19,28,25,10,45,22,65,16,19,13,77,73,68,75,77,36.0,26+2,26+2,26+2,26,28,28,28,26,29+2,29+2,29+2,27+2,29+2,29+2,29+2,27+2,27+2,29+2,29+2,29+2,27+2,26+2,28+2,28+2,28+2,26+2,74+2,https://cdn.sofifa.net/players/201/931/22_120.png,https://cdn.sofifa.net/teams/347/60.png,https://cdn.sofifa.net/flags/it.png,,https://cdn.sofifa.net/flags/br.png
5879,223358,https://sofifa.com/player/223358/gabriel-costa-franca/220002,Gabriel,Gabriel Costa França,CB,69,72,1600000.0,2000.0,26,1995-03-14,181,80,113197.0,Yokohama FC,Japanese J. League Division 1,1.0,LCB,5.0,,2021-07-19,2024.0,54,Brazil,,,,Right,3,2,1,Low/Medium,Normal (170-185),No,2100000.0,,,64.0,36.0,49.0,54.0,70.0,73.0,26,37,70,66,26,48,25,31,71,60,63,65,51,61,58,48,68,62,81,25,66,66,26,38,44,63,72,69,71,8,7,8,9,8,,50+2,50+2,50+2,48,49,49,49,48,50+2,50+2,50+2,51+2,56+2,56+2,56+2,51+2,60+2,66+2,66+2,66+2,60+2,63+2,69+2,69+2,69+2,63+2,14+2,https://cdn.sofifa.net/players/223/358/22_120.png,https://cdn.sofifa.net/teams/113197/60.png,https://cdn.sofifa.net/flags/jp.png,,https://cdn.sofifa.net/flags/br.png
12471,218737,https://sofifa.com/player/218737/gabriel-rodrigues-de-moura/220002,Gabriel,Gabriel Rodrigues de Moura,"CDM, RB",63,63,240000.0,2000.0,33,1988-06-18,176,70,112637.0,Gaz Metan Mediaş,Romanian Liga I,1.0,SUB,2.0,,2020-01-25,2022.0,54,Brazil,,,,Right,3,3,1,Low/Medium,Normal (170-185),No,324000.0,,Long Throw-in,64.0,41.0,58.0,61.0,62.0,70.0,59,31,56,64,43,60,54,37,56,59,63,64,65,58,69,56,71,64,72,41,70,61,52,55,56,60,64,63,61,10,8,12,13,12,,53+2,53+2,53+2,56,55,55,55,56,56+2,56+2,56+2,58+2,58+2,58+2,58+2,58+2,62+1,62+1,62+1,62+1,62+1,61+2,63,63,63,61+2,16+2,https://cdn.sofifa.net/players/218/737/22_120.png,https://cdn.sofifa.net/teams/112637/60.png,https://cdn.sofifa.net/flags/ro.png,,https://cdn.sofifa.net/flags/br.png
3,190871,https://sofifa.com/player/190871/neymar-da-silva-santos-jr/220002,Neymar Jr,Neymar da Silva Santos Júnior,"LW, CAM",91,91,129000000.0,270000.0,29,1992-02-05,175,68,73.0,Paris Saint-Germain,French Ligue 1,1.0,LW,10.0,,2017-08-03,2025.0,54,Brazil,,,,Right,5,5,5,High/Medium,Unique,Yes,238700000.0,"#Speedster, #Dribbler, #Playmaker, #FK Specialist, #Acrobat, #Complete Midfielder","Injury Prone, Flair, Speed Dribbler (AI), Playmaker (AI), Outside Foot Shot, Technical Dribbler (AI)",91.0,83.0,86.0,94.0,37.0,63.0,85,83,63,86,86,95,88,87,81,95,93,89,96,89,84,80,64,81,53,81,63,37,86,90,93,93,35,32,29,9,9,15,15,11,,83+3,83+3,83+3,90,88,88,88,90,89+2,89+2,89+2,89+2,82+3,82+3,82+3,89+2,67+3,63+3,63+3,63+3,67+3,62+3,50+3,50+3,50+3,62+3,20+3,https://cdn.sofifa.net/players/190/871/22_120.png,https://cdn.sofifa.net/teams/73/60.png,https://cdn.sofifa.net/flags/fr.png,,https://cdn.sofifa.net/flags/br.png
1117,244621,https://sofifa.com/player/244621/carlos-vinicius-alves-morais/220002,Vinícius,Carlos Vinícius Alves Morais,ST,77,80,14000000.0,16000.0,26,1995-03-22,190,83,247.0,PSV,Holland Eredivisie,1.0,SUB,9.0,SL Benfica,,2023.0,54,Brazil,,,,Left,3,3,1,High/Medium,Normal (185+),Yes,,#Strength,,71.0,78.0,60.0,75.0,41.0,82.0,51,81,70,71,75,76,65,36,47,78,66,75,67,77,44,84,52,76,87,68,84,41,79,65,71,83,44,33,25,15,13,13,7,6,,77+2,77+2,77+2,72,75,75,75,72,72+2,72+2,72+2,71+2,66+2,66+2,66+2,71+2,57+2,58+2,58+2,58+2,57+2,54+2,55+2,55+2,55+2,54+2,18+2,https://cdn.sofifa.net/players/244/621/22_120.png,https://cdn.sofifa.net/teams/247/60.png,https://cdn.sofifa.net/flags/nl.png,,https://cdn.sofifa.net/flags/br.png
