,sofifa_id,player_url,short_name,long_name,player_positions,overall,potential,value_eur,wage_eur,age,dob,height_cm,weight_kg,club_team_id,club_name,league_name,league_level,club_position,club_jersey_number,club_loaned_from,club_joined,club_contract_valid_until,nationality_id,nationality_name,nation_team_id,nation_position,nation_jersey_number,preferred_foot,weak_foot,skill_moves,international_reputation,work_rate,body_type,real_face,release_clause_eur,player_tags,player_traits,pace,shooting,passing,dribbling,defending,physic,attacking_crossing,attacking_finishing,attacking_heading_accuracy,attacking_short_passing,attacking_volleys,skill_dribbling,skill_curve,skill_fk_accuracy,skill_long_passing,skill_ball_control,movement_acceleration,movement_sprint_speed,movement_agility,movement_reactions,movement_balance,power_shot_power,power_jumping,power_stamina,power_strength,power_long_shots,mentality_aggression,mentality_interceptions,mentality_positioning,mentality_vision,mentality_penalties,mentality_composure,defending_marking_awareness,defending_standing_tackle,defending_sliding_tackle,goalkeeping_diving,goalkeeping_handling,goalkeeping_kicking,goalkeeping_positioning,goalkeeping_reflexes,goalkeeping_speed,ls,st,rs,lw,lf,cf,rf,rw,lam,cam,ram,lm,lcm,cm,rcm,rm,lwb,ldm,cdm,rdm,rwb,lb,lcb,cb,rcb,rb,gk,player_face_url,club_logo_url,club_flag_url,nation_logo_url,nation_flag_url
2854,229585,https://sofifa.com/player/229585/milos-degenek/220002,M. Degenek,Miloš Degenek,"CB, CDM",73,76,,,27,1994-04-28,187,82,,,,,,,,,,195,Australia,1415.0,SUB,2.0,Right,4,2,1,High/High,Normal (185+),No,,,Dives Into Tackles (AI),78.0,62.0,68.0,64.0,71.0,83.0,67,59,70,71,62,58,69,44,72,65,79,78,78,72,66,70,81,83,84,61,81,71,55,67,58,76,67,73,76,14,12,7,10,12,,66+2,66+2,66+2,66,65,65,65,66,66+2,66+2,66+2,67+2,68+2,68+2,68+2,67+2,72+2,72+2,72+2,72+2,72+2,73+2,73+2,73+2,73+2,73+2,18+2,https://cdn.sofifa.net/players/229/585/22_120.png,,,https://cdn.sofifa.net/teams/1415/60.png,https://cdn.sofifa.net/flags/au.png
7187,241861,https://sofifa.com/player/241861/nathaniel-atkinson/220002,N. Atkinson,Nathaniel Atkinson,"RB, RW",68,76,2600000.0,4000.0,22,1999-06-13,181,72,112224.0,Melbourne City FC,Australian Hyundai A-League,1.0,RB,13.0,,2020-09-23,2022.0,195,Australia,,,,Right,4,3,1,High/High,Normal (170-185),No,3800000.0,#Engine,"Dives Into Tackles (AI), Flair, Technical Dribbler (AI)",78.0,46.0,61.0,69.0,61.0,79.0,60,46,38,64,31,67,65,38,60,65,78,78,87,62,90,44,90,91,78,43,65,61,66,60,51,65,64,66,60,15,11,12,12,6,,57+2,57+2,57+2,64,61,61,61,64,63+2,63+2,63+2,66+2,64+2,64+2,64+2,66+2,67+2,65+2,65+2,65+2,67+2,66+2,63+2,63+2,63+2,66+2,17+2,https://cdn.sofifa.net/players/241/861/22_120.png,https://cdn.sofifa.net/teams/112224/60.png,https://cdn.sofifa.net/flags/au.png,,https://cdn.sofifa.net/flags/au.png
7218,243473,https://sofifa.com/player/243473/fran-karacic/220002,F. Karačić,Fran Karačić,RB,68,73,,,25,1996-05-12,185,75,,,,,,,,,,195,Australia,1415.0,SUB,17.0,Right,3,2,1,Medium/Medium,Normal (185+),No,,,,79.0,46.0,62.0,65.0,60.0,73.0,67,41,58,66,20,65,48,48,64,64,78,79,75,64,63,58,71,83,70,50,70,66,65,56,43,63,51,63,63,9,11,9,12,7,,59+2,59+2,59+2,64,62,62,62,64,62+2,62+2,62+2,66+2,64+2,64+2,64+2,66+2,67+2,65+2,65+2,65+2,67+2,66+2,63+2,63+2,63+2,66+2,16+2,https://cdn.sofifa.net/players/243/473/22_120.png,,,https://cdn.sofifa.net/teams/1415/60.png,https://cdn.sofifa.net/flags/au.png
6100,237005,https://sofifa.com/player/237005/keanu-baccus/220002,K. Baccus,Keanu Baccus,"CDM, CM",69,72,1700000.0,4000.0,23,1998-06-07,176,67,112427.0,Western Sydney Wanderers,Australian Hyundai A-League,1.0,RCM,17.0,,2016-12-24,2022.0,195,Australia,,,,Right,3,2,1,Medium/Medium,Lean (170-185),No,2300000.0,,"Solid Player, Dives Into Tackles (AI), Long Shot Taker (AI)",71.0,52.0,60.0,69.0,66.0,68.0,51,41,49,68,40,66,42,30,64,68,72,71,84,70,78,68,56,85,59,64,73,70,55,62,42,63,64,70,66,7,7,11,7,8,,59+2,59+2,59+2,63,63,63,63,63,64+2,64+2,64+2,64+2,66+2,66+2,66+2,64+2,68+2,68+2,68+2,68+2,68+2,68+2,65+2,65+2,65+2,68+2,14+2,https://cdn.sofifa.net/players/237/005/22_120.png,https://cdn.sofifa.net/teams/112427/60.png,https://cdn.sofifa.net/flags/au.png,,https://cdn.sofifa.net/flags/au.png
912,194958,https://sofifa.com/player/194958/aaron-mooy/220002,A. Mooy,Aaron Frank Mooy,"CM, CAM",77,77,10000000.0,25000.0,30,1990-09-15,175,68,112540.0,Shanghai Port FC,Chinese Super League,1.0,CM,19.0,,2020-08-28,2023.0,195,Australia,1415.0,RDM,8.0,Right,3,3,1,Medium/Medium,Normal (170-185),Yes,15500000.0,,"Solid Player, Early Crosser, Long Shot Taker (AI), Playmaker (AI), Outside Foot Shot",63.0,72.0,78.0,75.0,69.0,76.0,77,68,50,80,65,73,73,72,80,77,67,60,70,74,77,76,70,82,74,78,75,70,70,79,73,80,72,72,69,11,8,12,11,12,,70+2,70+2,70+2,73,73,73,73,73,75+2,75+2,75+2,74+2,77,77,77,74+2,74+2,75+2,75+2,75+2,74+2,72+2,70+2,70+2,70+2,72+2,18+2,https://cdn.sofifa.net/players/194/958/22_120.png,https://cdn.sofifa.net/teams/112540/60.png,https://cdn.sofifa.net/flags/cn.png,https://cdn.sofifa.net/teams/1415/60.png,https://cdn.sofifa.net/flags/au.png
12895,246009,https://sofifa.com/player/246009/marco-tilio/220002,M. Tilio,Marco Tilio,"LW, RW, CAM",63,76,1100000.0,2000.0,19,2001-08-23,170,67,112224.0,Melbourne City FC,Australian Hyundai A-League,1.0,SUB,23.0,,2020-09-23,2023.0,195,Australia,,,,Left,3,2,1,High/Medium,Normal (170-),No,2100000.0,,,86.0,59.0,56.0,65.0,33.0,45.0,56,62,40,59,37,65,65,49,45,61,85,87,78,44,84,58,54,60,36,63,48,24,60,58,44,59,31,35,47,12,7,13,14,14,,58+2,58+2,58+2,63,62,62,62,63,61+2,61+2,61+2,62+2,54+2,54+2,54+2,62+2,51+2,44+2,44+2,44+2,51+2,49+2,40+2,40+2,40+2,49+2,15+2,https://cdn.sofifa.net/players/246/009/22_120.png,https://cdn.sofifa.net/teams/112224/60.png,https://cdn.sofifa.net/flags/au.png,,https://cdn.sofifa.net/flags/au.png
1284,212232,https://sofifa.com/player/212232/jamie-maclaren/220002,J. Maclaren,Jamie Maclaren,ST,76,76,8000000.0,15000.0,27,1993-07-29,179,76,112224.0,Melbourne City FC,Australian Hyundai A-League,1.0,ST,9.0,,2019-01-31,2024.0,195,Australia,1415.0,SUB,9.0,Right,5,3,1,High/High,Normal (170-185),No,10000000.0,,"Solid Player, Finesse Shot",81.0,75.0,64.0,73.0,38.0,76.0,57,79,73,70,65,71,72,67,54,70,83,80,85,75,80,74,89,85,73,68,71,52,84,65,73,76,25,32,31,9,15,11,6,13,,76,76,76,73,74,74,74,73,72+2,72+2,72+2,72+2,67+2,67+2,67+2,72+2,59+2,57+2,57+2,57+2,59+2,57+2,53+2,53+2,53+2,57+2,18+2,https://cdn.sofifa.net/players/212/232/22_120.png,https://cdn.sofifa.net/teams/112224/60.png,https://cdn.sofifa.net/flags/au.png,https://cdn.sofifa.net/teams/1415/60.png,https://cdn.sofifa.net/flags/au.png
5756,212830,https://sofifa.com/player/212830/awer-mabil/220002,A. Mabil,Awer Bul Mabil,"RW, LW",69,70,1700000.0,13000.0,25,1995-09-15,179,65,1516.0,FC Midtjylland,Danish Superliga,1.0,SUB,11.0,,2015-07-28,2022.0,195,Australia,1415.0,LM,11.0,Right,3,3,1,High/Low,Lean (170-185),No,2300000.0,,Speed Dribbler (AI),89.0,60.0,64.0,69.0,34.0,55.0,65,63,44,66,48,67,64,59,53,68,91,87,85,60,72,69,66,70,49,47,47,35,66,67,53,64,34,33,20,16,12,18,13,12,,64+2,64+2,64+2,69,67,67,67,69,67+2,67+2,67+2,68+2,61+2,61+2,61+2,68+2,55+2,50+2,50+2,50+2,55+2,51+2,42+2,42+2,42+2,51+2,19+2,https://cdn.sofifa.net/players/212/830/22_120.png,https://cdn.sofifa.net/teams/1516/60.png,https://cdn.sofifa.net/flags/dk.png,https://cdn.sofifa.net/teams/1415/60.png,https://cdn.sofifa.net/flags/au.png
