,sofifa_id,player_url,short_name,long_name,player_positions,overall,potential,value_eur,wage_eur,age,dob,height_cm,weight_kg,club_team_id,club_name,league_name,league_level,club_position,club_jersey_number,club_loaned_from,club_joined,club_contract_valid_until,nationality_id,nationality_name,nation_team_id,nation_position,nation_jersey_number,preferred_foot,weak_foot,skill_moves,international_reputation,work_rate,body_type,real_face,release_clause_eur,player_tags,player_traits,pace,shooting,passing,dribbling,defending,physic,attacking_crossing,attacking_finishing,attacking_heading_accuracy,attacking_short_passing,attacking_volleys,skill_dribbling,skill_curve,skill_fk_accuracy,skill_long_passing,skill_ball_control,movement_acceleration,movement_sprint_speed,movement_agility,movement_reactions,movement_balance,power_shot_power,power_jumping,power_stamina,power_strength,power_long_shots,mentality_aggression,mentality_interceptions,mentality_positioning,mentality_vision,mentality_penalties,mentality_composure,defending_marking_awareness,defending_standing_tackle,defending_sliding_tackle,goalkeeping_diving,goalkeeping_handling,goalkeeping_kicking,goalkeeping_positioning,goalkeeping_reflexes,goalkeeping_speed,ls,st,rs,lw,lf,cf,rf,rw,lam,cam,ram,lm,lcm,cm,rcm,rm,lwb,ldm,cdm,rdm,rwb,lb,lcb,cb,rcb,rb,gk,player_face_url,club_logo_url,club_flag_url,nation_logo_url,nation_flag_url
666,156433,https://sofifa.com/player/156433/alfredo-talavera/220002,A. Talavera,Alfredo Talavera Díaz,GK,78,78,1600000.0,8000.0,38,1982-09-18,186,85,1881.0,Club Universidad Nacional,Mexican Liga MX,1.0,GK,1.0,,2020-07-03,2022.0,83,Mexico,,,,Right,4,1,1,Medium/Medium,Normal (185+),No,2700000.0,,"Solid Player, GK Long Throw, Comes For Crosses",,,,,,,15,13,14,35,13,10,15,14,35,21,58,58,57,70,47,53,82,36,75,13,38,24,14,50,44,60,26,13,14,80,80,70,75,77,58.0,31+2,31+2,31+2,29,31,31,31,29,32+2,32+2,32+2,31+2,32+2,32+2,32+2,31+2,30+2,32+2,32+2,32+2,30+2,30+2,32+2,32+2,32+2,30+2,77+1,https://cdn.sofifa.net/players/156/433/22_120.png,https://cdn.sofifa.net/teams/1881/60.png,https://cdn.sofifa.net/flags/mx.png,,https://cdn.sofifa.net/flags/mx.png
1173,186098,https://sofifa.com/player/186098/rodolfo-cota/220002,R. Cota,Rodolfo Cota Robles,GK,76,76,2400000.0,18000.0,33,1987-07-03,183,86,110781.0,Club León,Mexican Liga MX,1.0,SUB,30.0,,2018-07-06,2022.0,83,Mexico,1386.0,SUB,12.0,Right,2,1,1,Medium/Medium,Normal (170-185),No,4100000.0,,"Solid Player, Comes For Crosses",,,,,,,12,12,14,26,13,15,15,12,31,25,59,56,52,73,60,50,69,36,80,16,29,14,11,55,25,65,25,13,12,75,70,67,79,79,58.0,31+2,31+2,31+2,30,31,31,31,30,32+2,32+2,32+2,31+2,31+2,31+2,31+2,31+2,28+2,30+2,30+2,30+2,28+2,28+2,29+2,29+2,29+2,28+2,75+1,https://cdn.sofifa.net/players/186/098/22_120.png,https://cdn.sofifa.net/teams/110781/60.png,https://cdn.sofifa.net/flags/mx.png,https://cdn.sofifa.net/teams/1386/60.png,https://cdn.sofifa.net/flags/mx.png
389,140233,https://sofifa.com/player/140233/guillermo-ochoa/220002,G. Ochoa,Francisco Guillermo Ochoa Magaña,GK,80,80,2300000.0,27000.0,35,1985-07-13,190,85,1879.0,Club América,Mexican Liga MX,1.0,GK,13.0,,2019-08-06,2022.0,83,Mexico,1386.0,GK,13.0,Right,3,1,1,Medium/Medium,Lean (170-185),Yes,3900000.0,,"Leadership, GK Long Throw, Cautious With Crosses",,,,,,,15,12,19,36,16,10,14,17,37,18,47,50,65,74,42,54,75,34,56,11,19,23,16,48,16,62,21,10,12,79,75,72,80,83,48.0,30+2,30+2,30+2,28,30,30,30,28,31+2,31+2,31+2,30+2,32+2,32+2,32+2,30+2,28+2,30+2,30+2,30+2,28+2,28+2,27+2,27+2,27+2,28+2,78+2,https://cdn.sofifa.net/players/140/233/22_120.png,https://cdn.sofifa.net/teams/1879/60.png,https://cdn.sofifa.net/flags/mx.png,https://cdn.sofifa.net/teams/1386/60.png,https://cdn.sofifa.net/flags/mx.png
9556,247428,https://sofifa.com/player/247428/david-ochoa/220002,D. Ochoa,David Ochoa,GK,66,76,1600000.0,1000.0,20,2001-01-16,188,80,111065.0,Real Salt Lake,USA Major League Soccer,1.0,SUB,1.0,,2018-11-28,2021.0,83,Mexico,,,,Right,2,1,1,Medium/Medium,Lean (185+),No,2600000.0,,,,,,,,,7,5,11,21,4,6,8,8,20,10,28,25,33,59,38,48,59,38,68,6,20,9,7,38,14,31,8,9,10,66,66,64,64,69,27.0,21+2,21+2,21+2,17,20,20,20,17,20+2,20+2,20+2,19+2,22+2,22+2,22+2,19+2,19+2,21+2,21+2,21+2,19+2,18+2,21+2,21+2,21+2,18+2,65+2,https://cdn.sofifa.net/players/247/428/22_120.png,https://cdn.sofifa.net/teams/111065/60.png,https://cdn.sofifa.net/flags/us.png,,https://cdn.sofifa.net/flags/mx.png
672,171897,https://sofifa.com/player/171897/andres-guardado/220002,A. Guardado,José Andrés Guardado Hernández,"CDM, CM, LM",78,78,4800000.0,24000.0,34,1986-09-28,169,67,449.0,Real Betis Balompié,Spain Primera Division,1.0,LDM,18.0,,2017-07-07,2022.0,83,Mexico,1386.0,LCM,18.0,Left,2,3,3,Medium/Medium,Lean (170-),Yes,10100000.0,,Injury Prone,64.0,68.0,80.0,79.0,73.0,69.0,74,64,55,82,69,78,78,80,79,80,67,62,79,77,87,73,71,81,60,73,74,75,69,82,70,76,74,75,76,7,10,10,11,10,,69+3,69+3,69+3,74,74,74,74,74,77+1,77+1,77+1,75+3,78,78,78,75+3,76+2,77+1,77+1,77+1,76+2,74+3,72+3,72+3,72+3,74+3,17+3,https://cdn.sofifa.net/players/171/897/22_120.png,https://cdn.sofifa.net/teams/449/60.png,https://cdn.sofifa.net/flags/es.png,https://cdn.sofifa.net/teams/1386/60.png,https://cdn.sofifa.net/flags/mx.png
2915,233260,https://sofifa.com/player/233260/alexis-vega/220002,A. Vega,Ernesto Alexis Vega Rojas,"ST, CF, CAM",73,81,7000000.0,34000.0,23,1997-11-25,173,77,1880.0,Club Deportivo Guadalajara,Mexican Liga MX,1.0,CAM,10.0,,2019-01-01,2022.0,83,Mexico,1386.0,LW,20.0,Right,3,3,1,Medium/Low,Normal (170-185),No,13300000.0,,"Finesse Shot, Long Shot Taker (AI), Playmaker (AI)",78.0,74.0,72.0,77.0,30.0,72.0,65,76,59,76,65,80,53,70,72,76,79,78,77,72,75,75,70,78,76,75,55,16,71,75,66,71,44,19,18,5,11,12,8,7,,73+2,73+2,73+2,75,75,75,75,75,76+2,76+2,76+2,75+2,69+2,69+2,69+2,75+2,55+2,53+2,53+2,53+2,55+2,50+2,45+2,45+2,45+2,50+2,15+2,https://cdn.sofifa.net/players/233/260/22_120.png,https://cdn.sofifa.net/teams/1880/60.png,https://cdn.sofifa.net/flags/mx.png,https://cdn.sofifa.net/teams/1386/60.png,https://cdn.sofifa.net/flags/mx.png
921,198140,https://sofifa.com/player/198140/rogelio-funes-mori/220002,R. Funes Mori,Rogelio Gabriel Funes Mori,ST,77,77,10500000.0,51000.0,30,1991-03-05,186,78,1032.0,CF Monterrey,Mexican Liga MX,1.0,ST,7.0,,2015-06-12,2022.0,83,Mexico,1386.0,ST,11.0,Right,4,4,1,High/Medium,Lean (185+),Yes,16800000.0,,"Dives Into Tackles (AI), Finesse Shot, Flair, Outside Foot Shot, Team Player",77.0,77.0,68.0,74.0,43.0,81.0,65,82,77,70,74,75,75,58,65,74,80,75,74,73,66,75,82,82,81,69,78,49,78,72,73,72,25,45,44,8,10,15,6,15,,77,77,77,74,75,75,75,74,74+2,74+2,74+2,74+2,70+2,70+2,70+2,74+2,62+2,60+2,60+2,60+2,62+2,60+2,57+2,57+2,57+2,60+2,17+2,https://cdn.sofifa.net/players/198/140/22_120.png,https://cdn.sofifa.net/teams/1032/60.png,https://cdn.sofifa.net/flags/mx.png,https://cdn.sofifa.net/teams/1386/60.png,https://cdn.sofifa.net/flags/mx.png
2349,237997,https://sofifa.com/player/237997/uriel-antuna/220002,U. Antuna,Carlos Uriel Antuna Romero,"LM, RM, RW",74,80,6500000.0,34000.0,23,1997-08-21,174,59,1880.0,Club Deportivo Guadalajara,Mexican Liga MX,1.0,SUB,7.0,,2020-01-01,2023.0,83,Mexico,1386.0,SUB,21.0,Right,3,3,1,Medium/Medium,Lean (170-185),No,12400000.0,"#Speedster, #Acrobat",Speed Dribbler (AI),92.0,59.0,65.0,76.0,31.0,47.0,70,65,46,70,48,80,54,48,60,69,95,90,90,62,74,62,51,78,32,45,45,35,70,61,45,60,24,31,32,10,13,14,9,11,,65+2,65+2,65+2,72,70,70,70,72,70+2,70+2,70+2,73+2,63+2,63+2,63+2,73+2,58+2,50+2,50+2,50+2,58+2,54+2,40+2,40+2,40+2,54+2,17+2,https://cdn.sofifa.net/players/237/997/22_120.png,https://cdn.sofifa.net/teams/1880/60.png,https://cdn.sofifa.net/flags/mx.png,https://cdn.sofifa.net/teams/1386/60.png,https://cdn.sofifa.net/flags/mx.png
