,sofifa_id,player_url,short_name,long_name,player_positions,overall,potential,value_eur,wage_eur,age,dob,height_cm,weight_kg,club_team_id,club_name,league_name,league_level,club_position,club_jersey_number,club_loaned_from,club_joined,club_contract_valid_until,nationality_id,nationality_name,nation_team_id,nation_position,nation_jersey_number,preferred_foot,weak_foot,skill_moves,international_reputation,work_rate,body_type,real_face,release_clause_eur,player_tags,player_traits,pace,shooting,passing,dribbling,defending,physic,attacking_crossing,attacking_finishing,attacking_heading_accuracy,attacking_short_passing,attacking_volleys,skill_dribbling,skill_curve,skill_fk_accuracy,skill_long_passing,skill_ball_control,movement_acceleration,movement_sprint_speed,movement_agility,movement_reactions,movement_balance,power_shot_power,power_jumping,power_stamina,power_strength,power_long_shots,mentality_aggression,mentality_interceptions,mentality_positioning,mentality_vision,mentality_penalties,mentality_composure,defending_marking_awareness,defending_standing_tackle,defending_sliding_tackle,goalkeeping_diving,goalkeeping_handling,goalkeeping_kicking,goalkeeping_positioning,goalkeeping_reflexes,goalkeeping_speed,ls,st,rs,lw,lf,cf,rf,rw,lam,cam,ram,lm,lcm,cm,rcm,rm,lwb,ldm,cdm,rdm,rwb,lb,lcb,cb,rcb,rb,gk,player_face_url,club_logo_url,club_flag_url,nation_logo_url,nation_flag_url
591,212442,https://sofifa.com/player/212442/jose-pedro-malheiro-de-sa/220002,José Sá,José Pedro Malheiro de Sá,GK,79,81,15000000.0,65000.0,28,1993-01-17,192,84,110.0,Wolverhampton Wanderers,English Premier League,1.0,GK,1.0,,2021-07-15,2026.0,38,Portugal,,,,Right,2,1,1,Medium/Medium,Normal (185+),No,29600000.0,,Comes For Crosses,,,,,,,18,15,14,30,17,17,12,21,20,19,42,48,62,76,40,47,70,34,72,18,20,18,17,43,11,32,14,19,15,80,77,62,76,83,44.0,30+2,30+2,30+2,29,30,30,30,29,30+2,30+2,30+2,29+2,29+2,29+2,29+2,29+2,28+2,28+2,28+2,28+2,28+2,27+2,28+2,28+2,28+2,27+2,78+2,https://cdn.sofifa.net/players/212/442/22_120.png,https://cdn.sofifa.net/teams/110/60.png,https://cdn.sofifa.net/flags/gb-eng.png,,https://cdn.sofifa.net/flags/pt.png
199,120533,https://sofifa.com/player/120533/kepler-laveran-lima-ferreira/220002,Pepe,Kléper Laveran de Lima Ferreira,CB,82,82,5500000.0,14000.0,38,1983-02-26,188,80,236.0,FC Porto,Portuguese Liga ZON SAGRES,1.0,LCB,3.0,,2019-01-08,2023.0,38,Portugal,1354.0,RCB,3.0,Right,3,2,4,Medium/High,Lean (185+),Yes,11000000.0,,"Dives Into Tackles (AI), Leadership",80.0,51.0,60.0,61.0,82.0,87.0,46,46,81,73,23,58,44,47,75,60,79,81,62,81,48,63,89,82,86,56,94,78,40,48,57,80,86,82,81,8,15,5,9,10,,62+3,62+3,62+3,60,60,60,60,60,61+3,61+3,61+3,62+3,66+3,66+3,66+3,62+3,73+3,77+3,77+3,77+3,73+3,76+3,82,82,82,76+3,18+3,https://cdn.sofifa.net/players/120/533/22_120.png,https://cdn.sofifa.net/teams/236/60.png,https://cdn.sofifa.net/flags/pt.png,https://cdn.sofifa.net/teams/1354/60.png,https://cdn.sofifa.net/flags/pt.png
740,207566,https://sofifa.com/player/207566/william-silva-de-carvalho/220002,William Carvalho,William Silva de Carvalho,"CDM, CM",78,78,12000000.0,25000.0,29,1992-04-07,187,79,449.0,Real Betis Balompié,Spain Primera Division,1.0,SUB,14.0,,2018-07-13,2023.0,38,Portugal,,,,Right,4,3,2,Medium/Medium,Normal (185+),Yes,25200000.0,,"Long Passer (AI), Playmaker (AI)",40.0,60.0,75.0,68.0,74.0,84.0,68,58,70,79,50,71,80,50,77,72,36,43,49,71,43,71,70,81,89,56,78,76,63,79,60,86,78,72,71,6,6,5,14,14,,65+2,65+2,65+2,65,66,66,66,65,69+2,69+2,69+2,68+2,74+2,74+2,74+2,68+2,71+2,76+2,76+2,76+2,71+2,70+2,75+2,75+2,75+2,70+2,16+2,https://cdn.sofifa.net/players/207/566/22_120.png,https://cdn.sofifa.net/teams/449/60.png,https://cdn.sofifa.net/flags/es.png,,https://cdn.sofifa.net/flags/pt.png
1396,234574,https://sofifa.com/player/234574/jose-diogo-dalot-teixeira/220002,Diogo Dalot,José Diogo Dalot Teixeira,"RB, LB",76,82,11500000.0,68000.0,22,1999-03-18,184,75,11.0,Manchester United,English Premier League,1.0,RES,20.0,,2018-06-09,2023.0,38,Portugal,,,,Right,4,3,2,High/Medium,Normal (170-185),Yes,23600000.0,,"Injury Prone, Technical Dribbler (AI)",79.0,60.0,70.0,77.0,72.0,75.0,78,52,69,74,44,78,74,44,62,75,78,80,79,74,72,78,84,74,74,64,78,74,70,64,43,76,70,74,70,10,6,10,6,8,,69+2,69+2,69+2,72,71,71,71,72,71+2,71+2,71+2,73+2,70+2,70+2,70+2,73+2,75+2,72+2,72+2,72+2,75+2,74+2,73+2,73+2,73+2,74+2,15+2,https://cdn.sofifa.net/players/234/574/22_120.png,https://cdn.sofifa.net/teams/11/60.png,https://cdn.sofifa.net/flags/gb-eng.png,,https://cdn.sofifa.net/flags/pt.png
861,252145,https://sofifa.com/player/252145/nuno-alexandre-tavares-mendes/220002,Nuno Mendes,Nuno Alexandre Tavares Mendes,"LWB, LB, LM",78,88,29000000.0,8000.0,19,2002-06-19,176,70,73.0,Paris Saint-Germain,French Ligue 1,1.0,SUB,25.0,Sporting CP,,2022.0,38,Portugal,1354.0,SUB,19.0,Left,4,3,1,High/Medium,Normal (170-185),No,,,Speed Dribbler (AI),85.0,57.0,68.0,74.0,74.0,72.0,74,45,67,71,54,72,66,59,68,75,82,88,82,76,76,80,71,81,69,63,67,75,72,59,45,75,73,76,73,7,8,8,12,15,,68+2,68+2,68+2,71,70,70,70,71,69+2,69+2,69+2,72+2,70+2,70+2,70+2,72+2,76+2,73+2,73+2,73+2,76+2,76+2,73+2,73+2,73+2,76+2,18+2,https://cdn.sofifa.net/players/252/145/22_120.png,https://cdn.sofifa.net/teams/73/60.png,https://cdn.sofifa.net/flags/fr.png,https://cdn.sofifa.net/teams/1354/60.png,https://cdn.sofifa.net/flags/pt.png
46,239818,https://sofifa.com/player/239818/ruben-santos-gato-alves-dias/220002,Rúben Dias,Rúben dos Santos Gato Alves Dias,CB,87,91,102500000.0,170000.0,24,1997-05-14,187,82,10.0,Manchester City,English Premier League,1.0,RCB,3.0,,2020-09-29,2027.0,38,Portugal,1354.0,LCB,4.0,Right,4,2,3,Medium/High,Normal (185+),Yes,197300000.0,#Tackling ,"Solid Player, Leadership, Power Header",61.0,38.0,65.0,68.0,88.0,88.0,54,29,87,81,32,64,46,48,74,74,57,65,59,87,56,74,78,88,88,22,92,85,39,51,45,81,90,89,85,7,8,13,7,12,,61+3,61+3,61+3,59,60,60,60,59,61+3,61+3,61+3,64+3,70+3,70+3,70+3,64+3,78+3,83+3,83+3,83+3,78+3,80+3,86+3,86+3,86+3,80+3,17+3,https://cdn.sofifa.net/players/239/818/22_120.png,https://cdn.sofifa.net/teams/10/60.png,https://cdn.sofifa.net/flags/gb-eng.png,https://cdn.sofifa.net/teams/1354/60.png,https://cdn.sofifa.net/flags/pt.png
8543,255253,https://sofifa.com/player/255253/vitor-machado-ferreira/220002,Vitinha,Vítor Machado Ferreira,"CAM, CM",67,81,2500000.0,3000.0,21,2000-02-13,172,64,236.0,FC Porto,Portuguese Liga ZON SAGRES,1.0,RES,20.0,,2018-07-01,2024.0,38,Portugal,,,,Right,3,3,1,Medium/Medium,Normal (170-185),Yes,6600000.0,#Acrobat,"Finesse Shot, Flair, Technical Dribbler (AI)",72.0,57.0,67.0,72.0,51.0,49.0,60,51,39,69,60,70,60,61,70,70,76,68,90,65,80,62,56,63,39,58,53,53,60,70,73,73,51,53,52,12,13,8,5,5,,59+2,59+2,59+2,66,65,65,65,66,67+2,67+2,67+2,67+2,66+2,66+2,66+2,67+2,61+2,60+2,60+2,60+2,61+2,59+2,52+2,52+2,52+2,59+2,15+2,https://cdn.sofifa.net/players/255/253/22_120.png,https://cdn.sofifa.net/teams/236/60.png,https://cdn.sofifa.net/flags/pt.png,,https://cdn.sofifa.net/flags/pt.png
14358,263829,https://sofifa.com/player/263829/vitor-manuel-carvalho-oliveira/220002,Vitinha,Vítor Manuel Carvalho Oliveira,ST,62,72,900000.0,2000.0,21,2000-03-15,178,74,1896.0,SC Braga,Portuguese Liga ZON SAGRES,1.0,RES,99.0,,2020-07-01,2024.0,38,Portugal,,,,Right,3,2,1,Medium/Medium,Normal (170-185),No,2000000.0,,,63.0,64.0,44.0,57.0,27.0,59.0,40,65,68,46,44,55,42,32,40,59,61,65,53,63,68,73,66,58,60,55,56,33,64,50,65,45,19,22,15,5,8,6,9,15,,62+2,62+2,62+2,56,59,59,59,56,55+2,55+2,55+2,55+2,50+2,50+2,50+2,55+2,42+2,41+2,41+2,41+2,42+2,41+2,40+2,40+2,40+2,41+2,15+2,https://cdn.sofifa.net/players/263/829/22_120.png,https://cdn.sofifa.net/teams/1896/60.png,https://cdn.sofifa.net/flags/pt.png,,https://cdn.sofifa.net/flags/pt.png
28,212198,https://sofifa.com/player/212198/bruno-miguel-borges-fernandes/220002,Bruno Fernandes,Bruno Miguel Borges Fernandes,CAM,88,89,107500000.0,250000.0,26,1994-09-08,179,69,11.0,Manchester United,English Premier League,1.0,CAM,18.0,,2020-01-30,2025.0,38,Portugal,1354.0,LCM,11.0,Right,3,4,3,High/High,Unique,Yes,206900000.0,"#Playmaker, #Engine, #Distance Shooter, #Crosser, #FK Specialist, #Complete Midfielder","Solid Player, Leadership, Flair, Long Passer (AI), Long Shot Taker (AI), Playmaker (AI), Outside Foot Shot",75.0,86.0,89.0,84.0,70.0,77.0,87,83,64,91,87,83,87,87,88,87,77,73,80,91,79,89,73,91,70,89,78,66,87,90,91,87,72,73,65,12,14,15,8,14,,83+3,83+3,83+3,85,85,85,85,85,87+2,87+2,87+2,86+3,87+2,87+2,87+2,86+3,80+3,80+3,80+3,80+3,80+3,77+3,73+3,73+3,73+3,77+3,21+3,https://cdn.sofifa.net/players/212/198/22_120.png,https://cdn.sofifa.net/teams/11/60.png,https://cdn.sofifa.net/flags/gb-eng.png,https://cdn.sofifa.net/teams/1354/60.png,https://cdn.sofifa.net/flags/pt.png
65,218667,https://sofifa.com/player/218667/bernardo-mota-carvalho-e-silva/220002,Bernardo Silva,Bernardo Mota Veiga de Carvalho e Silva,"CAM, CM, RW",86,87,80000000.0,200000.0,26,1994-08-10,173,64,10.0,Manchester City,English Premier League,1.0,SUB,20.0,,2017-07-01,2025.0,38,Portugal,1354.0,RCM,10.0,Left,3,4,2,High/High,Lean (170-185),Yes,154000000.0,"#Dribbler, #Engine, #Acrobat","Flair, Playmaker (AI), Outside Foot Shot, Technical Dribbler (AI)",80.0,76.0,83.0,91.0,54.0,67.0,85,77,51,86,70,92,84,67,76,90,83,77,94,84,92,76,51,93,54,76,70,54,83,84,68,87,49,63,45,9,10,14,12,9,,77+2,77+2,77+2,85,84,84,84,85,85+2,85+2,85+2,85+2,82+2,82+2,82+2,85+2,74+2,71+2,71+2,71+2,74+2,69+2,60+2,60+2,60+2,69+2,18+2,https://cdn.sofifa.net/players/218/667/22_120.png,https://cdn.sofifa.net/teams/10/60.png,https://cdn.sofifa.net/flags/gb-eng.png,https://cdn.sofifa.net/teams/1354/60.png,https://cdn.sofifa.net/flags/pt.png
317,200888,https://sofifa.com/player/200888/danilo-luis-helio-pereira/220002,Danilo Pereira,Danilo Luís Hélio Pereira,"CDM, CM",81,81,22000000.0,85000.0,29,1991-09-09,188,83,73.0,Paris Saint-Germain,French Ligue 1,1.0,SUB,15.0,,2020-10-05,2025.0,38,Portugal,1354.0,SUB,13.0,Right,3,3,3,Medium/High,Normal (185+),Yes,40700000.0,#Strength,,64.0,63.0,71.0,73.0,80.0,86.0,58,57,83,81,55,75,54,53,78,77,60,67,54,75,60,74,77,85,89,67,80,80,71,72,57,78,81,81,68,9,7,13,14,15,,72+3,72+3,72+3,69,72,72,72,69,72+3,72+3,72+3,72+3,77+3,77+3,77+3,72+3,74+3,79+2,79+2,79+2,74+3,75+3,80+1,80+1,80+1,75+3,18+3,https://cdn.sofifa.net/players/200/888/22_120.png,https://cdn.sofifa.net/teams/73/60.png,https://cdn.sofifa.net/flags/fr.png,https://cdn.sofifa.net/teams/1354/60.png,https://cdn.sofifa.net/flags/pt.png
340,210411,https://sofifa.com/player/210411/otavio-edmilson-da-silva-monteiro/220002,Otávio,Otávio Edmilson da Silva Monteiro,"LM, RM, CM",81,82,30500000.0,19000.0,26,1995-02-09,172,71,236.0,FC Porto,Portuguese Liga ZON SAGRES,1.0,RM,25.0,,2014-09-01,2025.0,38,Portugal,1354.0,SUB,16.0,Right,3,4,1,High/High,Normal (170-185),Yes,63300000.0,#Dribbler,"Flair, Long Passer (AI), Playmaker (AI), Technical Dribbler (AI)",78.0,69.0,79.0,85.0,63.0,68.0,79,68,57,79,63,86,80,72,77,85,80,76,85,82,82,73,45,80,60,67,77,62,77,82,72,81,66,67,52,11,12,9,10,15,,74+2,74+2,74+2,80,79,79,79,80,80+2,80+2,80+2,80+2,78+2,78+2,78+2,80+2,73+2,73+2,73+2,73+2,73+2,71+2,65+2,65+2,65+2,71+2,20+2,https://cdn.sofifa.net/players/210/411/22_120.png,https://cdn.sofifa.net/teams/236/60.png,https://cdn.sofifa.net/flags/pt.png,https://cdn.sofifa.net/teams/1354/60.png,https://cdn.sofifa.net/flags/pt.png
260,229391,https://sofifa.com/player/229391/joao-maria-palhinha-goncalves/220002,Palhinha,João Maria Lobo Alves Palhinha Gonçalves,"CDM, CM",82,87,41000000.0,18000.0,25,1995-07-09,190,82,237.0,Sporting CP,Portuguese Liga ZON SAGRES,1.0,LCM,6.0,,2015-07-01,2025.0,38,Portugal,1354.0,CDM,6.0,Right,4,2,1,Medium/High,Normal (185+),No,85100000.0,#Tackling ,"Dives Into Tackles (AI), Long Passer (AI), Playmaker (AI)",60.0,65.0,70.0,72.0,85.0,88.0,59,62,79,76,54,74,61,45,78,76,57,62,60,77,44,76,81,87,88,67,89,83,67,71,56,82,85,87,86,14,10,8,7,7,,71+2,71+2,71+2,69,71,71,71,69,71+2,71+2,71+2,71+2,76+2,76+2,76+2,71+2,77+2,81+2,81+2,81+2,77+2,78+2,83+2,83+2,83+2,78+2,17+2,https://cdn.sofifa.net/players/229/391/22_120.png,https://cdn.sofifa.net/teams/237/60.png,https://cdn.sofifa.net/flags/pt.png,https://cdn.sofifa.net/teams/1354/60.png,https://cdn.sofifa.net/flags/pt.png
2,20801,https://sofifa.com/player/20801/c-ronaldo-dos-santos-aveiro/220002,Cristiano Ronaldo,Cristiano Ronaldo dos Santos Aveiro,"ST, LW",91,91,45000000.0,270000.0,36,1985-02-05,187,83,11.0,Manchester United,English Premier League,1.0,ST,7.0,,2021-08-27,2023.0,38,Portugal,1354.0,ST,7.0,Right,4,5,5,High/Low,Unique,Yes,83300000.0,"#Aerial Threat, #Dribbler, #Distance Shooter, #Crosser, #Acrobat, #Clinical Finisher, #Complete Forward","Power Free-Kick, Flair, Long Shot Taker (AI), Speed Dribbler (AI), Outside Foot Shot",87.0,94.0,80.0,88.0,34.0,75.0,87,95,90,80,86,88,81,84,77,88,85,88,86,94,74,94,95,77,77,93,63,29,95,76,88,95,24,32,24,7,11,15,14,11,,90+1,90+1,90+1,88,89,89,89,88,86+3,86+3,86+3,86+3,78+3,78+3,78+3,86+3,63+3,59+3,59+3,59+3,63+3,60+3,53+3,53+3,53+3,60+3,20+3,https://cdn.sofifa.net/players/020/801/22_120.png,https://cdn.sofifa.net/teams/11/60.png,https://cdn.sofifa.net/flags/gb-eng.png,https://cdn.sofifa.net/teams/1354/60.png,https://cdn.sofifa.net/flags/pt.png
7704,205068,https://sofifa.com/player/205068/cristiano-pereira-figueiredo/220002,Cristiano,Cristiano Pereira Figueiredo,GK,67,67,675000.0,5000.0,30,1990-11-29,191,80,110816.0,CFR Cluj,Romanian Liga I,1.0,SUB,23.0,,2021-07-03,2024.0,38,Portugal,,,,Right,2,1,1,Medium/Medium,Normal (185+),No,945000.0,,GK Long Throw,,,,,,,18,15,17,26,18,16,12,17,19,20,27,33,37,64,30,45,50,37,85,20,31,24,18,40,21,21,9,10,15,67,63,60,67,69,29.0,29+2,29+2,29+2,25,27,27,27,25,27+2,27+2,27+2,26+2,27+2,27+2,27+2,26+2,25+2,27+2,27+2,27+2,25+2,24+2,27+2,27+2,27+2,24+2,66+1,https://cdn.sofifa.net/players/205/068/22_120.png,https://cdn.sofifa.net/teams/110816/60.png,https://cdn.sofifa.net/flags/ro.png,,https://cdn.sofifa.net/flags/pt.png
248,216547,https://sofifa.com/player/216547/rafael-a-ferreira-silva/220002,Rafa,Rafael Alexandre Fernandes Ferreira da Silva,"RM, LM",82,82,30500000.0,22000.0,28,1993-05-17,170,63,234.0,SL Benfica,Portuguese Liga ZON SAGRES,1.0,RM,27.0,,2016-08-31,2024.0,38,Portugal,1354.0,RW,15.0,Right,3,4,2,High/Medium,Lean (170-),Yes,61000000.0,"#Speedster, #Dribbler, #Acrobat","Speed Dribbler (AI), Outside Foot Shot",94.0,73.0,74.0,86.0,50.0,52.0,78,74,46,77,68,86,78,56,62,85,93,94,90,83,89,75,64,77,40,71,47,58,80,78,59,81,52,47,39,9,11,11,12,8,,75+2,75+2,75+2,82,81,81,81,82,81+1,81+1,81+1,81+1,75+2,75+2,75+2,81+1,70+2,63+2,63+2,63+2,70+2,66+2,54+2,54+2,54+2,66+2,18+2,https://cdn.sofifa.net/players/216/547/22_120.png,https://cdn.sofifa.net/teams/234/60.png,https://cdn.sofifa.net/flags/pt.png,https://cdn.sofifa.net/teams/1354/60.png,https://cdn.sofifa.net/flags/pt.png
1109,241721,https://sofifa.com/player/241721/rafael-da-conceicao-leao/220002,Rafael Leão,Rafael Alexandre Conceição Leão,"LW, ST, LM",77,82,16000000.0,36000.0,22,1999-06-10,188,81,47.0,AC Milan,Italian Serie A,1.0,SUB,17.0,,2019-08-01,2024.0,38,Portugal,,,,Right,4,4,1,Medium/Low,Lean (185+),No,28400000.0,,"Flair, Technical Dribbler (AI)",88.0,73.0,68.0,79.0,27.0,70.0,70,74,58,72,65,84,72,58,60,80,86,90,74,70,59,78,62,68,76,69,60,24,74,68,63,76,22,24,21,10,12,15,11,9,,75+2,75+2,75+2,77,76,76,76,77,75+2,75+2,75+2,76+2,67+2,67+2,67+2,76+2,55+2,51+2,51+2,51+2,55+2,51+2,44+2,44+2,44+2,51+2,17+2,https://cdn.sofifa.net/players/241/721/22_120.png,https://cdn.sofifa.net/teams/47/60.png,https://cdn.sofifa.net/flags/it.png,,https://cdn.sofifa.net/flags/pt.png
135,228941,https://sofifa.com/player/228941/andre-miguel-valente-da-silva/220002,André Silva,André Miguel Valente da Silva,ST,84,85,51000000.0,110000.0,25,1995-11-06,185,84,112172.0,RB Leipzig,German 1. Bundesliga,1.0,ST,33.0,,2021-07-02,2026.0,38,Portugal,1354.0,SUB,9.0,Right,3,4,3,Medium/Medium,Normal (185+),Yes,90500000.0,#Poacher,Flair,74.0,84.0,69.0,83.0,45.0,77.0,60,87,86,79,84,84,76,33,63,85,77,71,77,86,75,83,88,79,76,78,75,59,87,74,90,84,36,40,21,14,13,7,11,8,,84+1,84+1,84+1,80,83,83,83,80,81+3,81+3,81+3,78+3,76+3,76+3,76+3,78+3,62+3,64+3,64+3,64+3,62+3,60+3,59+3,59+3,59+3,60+3,19+3,https://cdn.sofifa.net/players/228/941/22_120.png,https://cdn.sofifa.net/teams/112172/60.png,https://cdn.sofifa.net/flags/de.png,https://cdn.sofifa.net/teams/1354/60.png,https://cdn.sofifa.net/flags/pt.png
