,sofifa_id,player_url,short_name,long_name,player_positions,overall,potential,value_eur,wage_eur,age,dob,height_cm,weight_kg,club_team_id,club_name,league_name,league_level,club_position,club_jersey_number,club_loaned_from,club_joined,club_contract_valid_until,nationality_id,nationality_name,nation_team_id,nation_position,nation_jersey_number,preferred_foot,weak_foot,skill_moves,international_reputation,work_rate,body_type,real_face,release_clause_eur,player_tags,player_traits,pace,shooting,passing,dribbling,defending,physic,attacking_crossing,attacking_finishing,attacking_heading_accuracy,attacking_short_passing,attacking_volleys,skill_dribbling,skill_curve,skill_fk_accuracy,skill_long_passing,skill_ball_control,movement_acceleration,movement_sprint_speed,movement_agility,movement_reactions,movement_balance,power_shot_power,power_jumping,power_stamina,power_strength,power_long_shots,mentality_aggression,mentality_interceptions,mentality_positioning,mentality_vision,mentality_penalties,mentality_composure,defending_marking_awareness,defending_standing_tackle,defending_sliding_tackle,goalkeeping_diving,goalkeeping_handling,goalkeeping_kicking,goalkeeping_positioning,goalkeeping_reflexes,goalkeeping_speed,ls,st,rs,lw,lf,cf,rf,rw,lam,cam,ram,lm,lcm,cm,rcm,rm,lwb,ldm,cdm,rdm,rwb,lb,lcb,cb,rcb,rb,gk,player_face_url,club_logo_url,club_flag_url,nation_logo_url,nation_flag_url
16795,259215,https://sofifa.com/player/259215/formose-mendy/220002,F. Mendy,Formose Mendy,"CB, RB",58,69,425000.0,750.0,20,2001-01-02,191,79,1816.0,Amiens SC,French Ligue 2,2.0,SUB,5.0,,2021-07-07,2025.0,136,Senegal,,,,Right,3,2,1,Medium/Medium,Lean (185+),No,850000.0,,,71.0,25.0,39.0,39.0,59.0,62.0,43,23,64,48,26,35,26,25,38,41,65,75,48,45,47,32,70,60,70,20,40,56,21,29,31,38,58,62,55,8,12,7,7,15,,40+2,40+2,40+2,40,38,38,38,40,38+2,38+2,38+2,42+2,41+2,41+2,41+2,42+2,53+2,51+2,51+2,51+2,53+2,55+2,58+2,58+2,58+2,55+2,14+2,https://cdn.sofifa.net/players/259/215/22_120.png,https://cdn.sofifa.net/teams/1816/60.png,https://cdn.sofifa.net/flags/fr.png,,https://cdn.sofifa.net/flags/sn.png
56,201024,https://sofifa.com/player/201024/kalidou-koulibaly/220002,K. Koulibaly,Kalidou Koulibaly,CB,86,86,55500000.0,105000.0,30,1991-06-20,187,89,48.0,Napoli,Italian Serie A,1.0,LCB,26.0,,2014-07-01,2023.0,136,Senegal,,,,Right,3,2,3,Medium/High,Unique,Yes,94400000.0,"#Tackling, #Strength",Power Header,81.0,28.0,51.0,65.0,87.0,85.0,30,22,84,63,14,69,28,28,63,64,74,87,51,83,34,55,82,70,94,15,83,85,35,52,33,82,90,88,86,7,11,7,13,5,,56+3,56+3,56+3,55,57,57,57,55,57+3,57+3,57+3,59+3,62+3,62+3,62+3,59+3,73+3,76+3,76+3,76+3,73+3,76+3,85+1,85+1,85+1,76+3,17+3,https://cdn.sofifa.net/players/201/024/22_120.png,https://cdn.sofifa.net/teams/48/60.png,https://cdn.sofifa.net/flags/it.png,,https://cdn.sofifa.net/flags/sn.png
3684,236723,https://sofifa.com/player/236723/fode-ballo-toure/220002,F. Ballo-Touré,Fodé Ballo-Touré,"LB, LM",72,76,3100000.0,20000.0,24,1997-01-03,182,70,47.0,AC Milan,Italian Serie A,1.0,SUB,5.0,,2021-07-19,2025.0,136,Senegal,,,,Left,2,3,1,High/Medium,Normal (170-185),No,5500000.0,,,85.0,51.0,67.0,70.0,66.0,72.0,71,49,58,71,39,72,68,49,65,71,86,85,69,65,69,56,62,76,71,52,74,65,64,64,53,63,66,70,68,14,14,7,11,8,,63+2,63+2,63+2,69,66,66,66,69,67+2,67+2,67+2,70+2,67+2,67+2,67+2,70+2,71+2,69+2,69+2,69+2,71+2,70+2,68+2,68+2,68+2,70+2,17+2,https://cdn.sofifa.net/players/236/723/22_120.png,https://cdn.sofifa.net/teams/47/60.png,https://cdn.sofifa.net/flags/it.png,,https://cdn.sofifa.net/flags/sn.png
1307,215699,https://sofifa.com/player/215699/youssouf-sabaly/220002,Y. Sabaly,Youssouf Sabaly,"RB, RM",76,76,7000000.0,22000.0,28,1993-03-05,173,67,449.0,Real Betis Balompié,Spain Primera Division,1.0,SUB,23.0,,2021-07-01,2026.0,136,Senegal,,,,Right,3,3,2,Medium/Medium,Normal (170-185),No,14700000.0,,Early Crosser,78.0,46.0,63.0,71.0,73.0,70.0,74,43,55,73,37,71,59,38,60,69,77,78,73,73,82,53,70,77,68,44,67,75,72,45,43,70,75,75,73,9,11,8,15,11,,62+2,62+2,62+2,67,64,64,64,67,64+2,64+2,64+2,69+2,66+2,66+2,66+2,69+2,74+2,71+2,71+2,71+2,74+2,74+2,71+2,71+2,71+2,74+2,18+2,https://cdn.sofifa.net/players/215/699/22_120.png,https://cdn.sofifa.net/teams/449/60.png,https://cdn.sofifa.net/flags/es.png,,https://cdn.sofifa.net/flags/sn.png
794,225711,https://sofifa.com/player/225711/abdou-diallo/220002,A. Diallo,Abdou Diallo,"CB, LB",78,82,17500000.0,62000.0,25,1996-05-04,187,79,73.0,Paris Saint-Germain,French Ligue 1,1.0,SUB,22.0,,2019-07-16,2024.0,136,Senegal,,,,Left,3,3,2,Medium/Medium,Normal (185+),Yes,33700000.0,,Injury Prone,74.0,39.0,71.0,76.0,78.0,77.0,69,38,78,78,39,75,58,32,76,78,72,76,73,77,71,51,84,74,77,24,77,78,61,69,41,81,77,78,81,12,7,7,7,8,,63+2,63+2,63+2,68,66,66,66,68,69+2,69+2,69+2,71+2,72+2,72+2,72+2,71+2,76+2,77+2,77+2,77+2,76+2,77+2,78+2,78+2,78+2,77+2,16+2,https://cdn.sofifa.net/players/225/711/22_120.png,https://cdn.sofifa.net/teams/73/60.png,https://cdn.sofifa.net/flags/fr.png,,https://cdn.sofifa.net/flags/sn.png
1586,198861,https://sofifa.com/player/198861/nampalys-mendy/220002,N. Mendy,Nampalys Mendy,"CDM, CM",75,75,4800000.0,70000.0,29,1992-06-23,167,73,95.0,Leicester City,English Premier League,1.0,SUB,24.0,,2016-07-03,2023.0,136,Senegal,,,,Right,3,3,1,Low/High,Stocky (170-),Yes,9100000.0,,,67.0,54.0,69.0,75.0,74.0,71.0,61,49,65,77,41,71,69,54,72,78,71,64,75,73,87,61,76,70,68,59,77,72,56,64,55,75,76,75,74,14,12,9,12,15,,63+2,63+2,63+2,67,66,66,66,67,69+2,69+2,69+2,68+2,71+2,71+2,71+2,68+2,72+2,74+1,74+1,74+1,72+2,72+2,73+2,73+2,73+2,72+2,20+2,https://cdn.sofifa.net/players/198/861/22_120.png,https://cdn.sofifa.net/teams/95/60.png,https://cdn.sofifa.net/flags/gb-eng.png,,https://cdn.sofifa.net/flags/sn.png
5380,250858,https://sofifa.com/player/250858/pathe-ciss/220002,P. Ciss,Ismaila Pathé Ciss,"CDM, CM",70,73,1800000.0,10000.0,27,1994-03-16,185,71,480.0,Rayo Vallecano,Spain Primera Division,1.0,SUB,21.0,,2021-07-28,2025.0,136,Senegal,,,,Right,3,2,1,Low/High,Lean (185+),No,4100000.0,,Solid Player,66.0,51.0,57.0,55.0,70.0,83.0,48,45,74,66,32,48,33,30,62,62,67,65,58,69,59,70,83,89,81,51,78,70,60,60,40,55,67,71,68,13,5,11,14,13,,61+2,61+2,61+2,57,59,59,59,57,59+2,59+2,59+2,60+2,64+2,64+2,64+2,60+2,66+2,69+2,69+2,69+2,66+2,68+2,71+2,71+2,71+2,68+2,18+2,https://cdn.sofifa.net/players/250/858/22_120.png,https://cdn.sofifa.net/teams/480/60.png,https://cdn.sofifa.net/flags/es.png,,https://cdn.sofifa.net/flags/sn.png
1125,246242,https://sofifa.com/player/246242/boulaye-dia/220002,B. Dia,Boulaye Dia,ST,77,83,17000000.0,30000.0,24,1996-11-16,180,75,483.0,Villarreal CF,Spain Primera Division,1.0,SUB,16.0,,2021-07-13,2026.0,136,Senegal,,,,Right,3,3,1,High/Medium,Normal (170-185),No,39100000.0,,Injury Prone,78.0,77.0,55.0,74.0,27.0,75.0,37,80,74,68,67,77,56,43,44,77,79,78,65,74,62,79,74,72,83,68,60,22,79,60,77,60,28,17,14,11,10,15,14,10,,77+2,77+2,77+2,71,75,75,75,71,71+2,71+2,71+2,69+2,63+2,63+2,63+2,69+2,49+2,48+2,48+2,48+2,49+2,46+2,45+2,45+2,45+2,46+2,18+2,https://cdn.sofifa.net/players/246/242/22_120.png,https://cdn.sofifa.net/teams/483/60.png,https://cdn.sofifa.net/flags/es.png,,https://cdn.sofifa.net/flags/sn.png
1417,238227,https://sofifa.com/player/238227/krepin-diatta/220002,K. Diatta,Krépin Diatta,RM,76,83,15000000.0,38000.0,22,1999-02-25,175,69,69.0,AS Monaco,French Ligue 1,1.0,SUB,27.0,,2021-01-22,2025.0,136,Senegal,,,,Right,4,4,1,High/Medium,Lean (170-185),No,31500000.0,"#Speedster, #Acrobat",Speed Dribbler (AI),93.0,69.0,66.0,78.0,47.0,69.0,67,68,62,69,68,79,62,42,65,74,92,94,91,70,78,73,94,89,62,73,57,48,65,69,59,71,55,32,50,10,8,11,11,12,,71+2,71+2,71+2,75,73,73,73,75,73+2,73+2,73+2,75+2,68+2,68+2,68+2,75+2,66+2,60+2,60+2,60+2,66+2,63+2,55+2,55+2,55+2,63+2,17+2,https://cdn.sofifa.net/players/238/227/22_120.png,https://cdn.sofifa.net/teams/69/60.png,https://cdn.sofifa.net/flags/fr.png,,https://cdn.sofifa.net/flags/sn.png
5878,223283,https://sofifa.com/player/223283/famara-diedhiou/220002,F. Diédhiou,Famara Diédhiou,ST,69,69,1400000.0,8000.0,28,1992-12-15,189,80,113142.0,Aytemiz Alanyaspor,Turkish Süper Lig,1.0,ST,14.0,,2021-07-20,2025.0,136,Senegal,,,,Right,3,3,1,High/High,Normal (185+),No,2800000.0,,Power Header,59.0,69.0,47.0,66.0,31.0,73.0,33,71,76,57,63,66,53,33,42,69,52,65,60,65,58,75,65,59,85,58,61,22,71,50,75,63,37,22,16,7,10,15,11,12,,69,69,69,61,65,65,65,61,61+2,61+2,61+2,59+2,55+2,55+2,55+2,59+2,44+2,45+2,45+2,45+2,44+2,42+2,46+2,46+2,46+2,42+2,16+2,https://cdn.sofifa.net/players/223/283/22_120.png,https://cdn.sofifa.net/teams/113142/60.png,https://cdn.sofifa.net/flags/tr.png,,https://cdn.sofifa.net/flags/sn.png
6351,256692,https://sofifa.com/player/256692/moustapha-name/220002,M. Name,Moustapha Name,"CDM, CM",69,72,1600000.0,4000.0,26,1995-05-05,178,73,111817.0,Paris FC,French Ligue 2,2.0,LDM,5.0,,2020-06-29,2023.0,136,Senegal,,,,Right,4,2,1,Medium/High,Lean (170-185),No,2900000.0,,,68.0,56.0,67.0,67.0,64.0,73.0,61,53,53,69,43,65,54,69,70,69,67,68,65,65,70,62,59,83,72,59,66,66,62,69,56,66,65,65,61,12,12,6,6,10,,62+2,62+2,62+2,64,64,64,64,64,66+2,66+2,66+2,66+2,68+2,68+2,68+2,66+2,67+2,68+2,68+2,68+2,67+2,66+2,65+2,65+2,65+2,66+2,16+2,https://cdn.sofifa.net/players/256/692/22_120.png,https://cdn.sofifa.net/teams/111817/60.png,https://cdn.sofifa.net/flags/fr.png,,https://cdn.sofifa.net/flags/sn.png
238,209981,https://sofifa.com/player/209981/yassine-bounou/220002,Y. Bounou,Yassine Bounou,GK,82,82,20500000.0,29000.0,30,1991-04-05,192,78,481.0,Sevilla FC,Spain Primera Division,1.0,GK,13.0,,2020-09-04,2024.0,129,Morocco,,,,Left,2,1,1,Medium/Medium,Lean (185+),Yes,43100000.0,,"GK Long Throw, Comes For Crosses, Saves with Feet",,,,,,,15,14,14,39,13,20,12,19,44,12,37,34,47,80,29,57,48,43,69,19,25,12,10,60,24,57,20,18,15,82,79,76,81,84,36.0,29+2,29+2,29+2,28,30,30,30,28,33+2,33+2,33+2,31+2,35+2,35+2,35+2,31+2,28+2,32+2,32+2,32+2,28+2,27+2,28+2,28+2,28+2,27+2,81+1,https://cdn.sofifa.net/players/209/981/22_120.png,https://cdn.sofifa.net/teams/481/60.png,https://cdn.sofifa.net/flags/es.png,,https://cdn.sofifa.net/flags/ma.png
601,220253,https://sofifa.com/player/220253/munir-el-haddadi/220002,Munir,Munir El Haddadi Mohamed,"LW, RW, ST",79,80,21000000.0,33000.0,25,1995-09-01,175,69,481.0,Sevilla FC,Spain Primera Division,1.0,SUB,11.0,,2019-01-11,2023.0,129,Morocco,,,,Left,3,4,2,High/Low,Lean (170-185),Yes,45700000.0,,"Speed Dribbler (AI), Chip Shot (AI)",79.0,78.0,75.0,82.0,35.0,66.0,73,79,77,80,80,82,81,67,62,83,82,76,83,78,79,78,66,72,66,77,58,25,78,76,66,80,38,27,25,9,12,6,13,16,,78+2,78+2,78+2,79,79,79,79,79,79+1,79+1,79+1,78+2,71+2,71+2,71+2,78+2,59+2,55+2,55+2,55+2,59+2,55+2,49+2,49+2,49+2,55+2,19+2,https://cdn.sofifa.net/players/220/253/22_120.png,https://cdn.sofifa.net/teams/481/60.png,https://cdn.sofifa.net/flags/es.png,,https://cdn.sofifa.net/flags/ma.png
2783,223573,https://sofifa.com/player/223573/munir-mohand-mohamedi/220002,Munir,Munir Mohand Mohamedi,GK,73,73,1500000.0,9000.0,32,1989-05-10,190,89,101028.0,Atakaş Hatayspor,Turkish Süper Lig,1.0,GK,1.0,,2020-09-05,2022.0,129,Morocco,,,,Right,3,1,1,Medium/Medium,Normal (185+),No,3000000.0,,"Rushes Out Of Goal, Comes For Crosses",,,,,,,21,19,23,30,13,19,25,16,33,31,45,45,43,67,44,51,65,43,77,11,27,22,15,42,25,50,15,21,18,73,72,68,70,75,45.0,33+2,33+2,33+2,30,31,31,31,30,31+2,31+2,31+2,32+2,32+2,32+2,32+2,32+2,30+2,32+2,32+2,32+2,30+2,30+2,31+2,31+2,31+2,30+2,72+1,https://cdn.sofifa.net/players/223/573/22_120.png,https://cdn.sofifa.net/teams/101028/60.png,https://cdn.sofifa.net/flags/tr.png,,https://cdn.sofifa.net/flags/ma.png
95,235212,https://sofifa.com/player/235212/achraf-hakimi/220002,A. Hakimi,Achraf Hakimi Mouh,"RB, RWB",85,88,69500000.0,100000.0,22,1998-11-04,181,73,73.0,Paris Saint-Germain,French Ligue 1,1.0,RB,2.0,,2021-07-06,2026.0,129,Morocco,,,,Right,4,3,2,High/Medium,Lean (170-185),Yes,133800000.0,"#Speedster, #Acrobat","Solid Player, Dives Into Tackles (AI), Speed Dribbler (AI), Outside Foot Shot",95.0,71.0,78.0,83.0,76.0,78.0,86,73,68,81,60,84,68,55,73,83,95,95,86,84,79,77,80,91,73,70,75,78,78,75,46,80,75,78,76,10,8,14,6,8,,78+2,78+2,78+2,83,81,81,81,83,80+2,80+2,80+2,83+2,79+2,79+2,79+2,83+2,83+2,79+2,79+2,79+2,83+2,82+2,77+2,77+2,77+2,82+2,17+2,https://cdn.sofifa.net/players/235/212/22_120.png,https://cdn.sofifa.net/teams/73/60.png,https://cdn.sofifa.net/flags/fr.png,,https://cdn.sofifa.net/flags/ma.png
1445,244749,https://sofifa.com/player/244749/nayef-aguerd/220002,N. Aguerd,Nayef Aguerd,CB,76,80,9500000.0,36000.0,25,1996-03-30,188,76,74.0,Stade Rennais FC,French Ligue 1,1.0,LCB,6.0,,2020-08-14,2024.0,129,Morocco,,,,Left,3,2,2,Medium/Medium,Lean (185+),No,18800000.0,,Long Passer (AI),60.0,45.0,60.0,61.0,76.0,77.0,43,38,79,73,31,56,43,41,67,68,57,62,59,74,56,62,86,78,75,46,76,76,42,57,48,65,75,78,74,7,15,9,14,6,,58+2,58+2,58+2,56,58,58,58,56,60+2,60+2,60+2,59+2,65+2,65+2,65+2,59+2,69+2,73+2,73+2,73+2,69+2,70+2,76+2,76+2,76+2,70+2,17+2,https://cdn.sofifa.net/players/244/749/22_120.png,https://cdn.sofifa.net/teams/74/60.png,https://cdn.sofifa.net/flags/fr.png,,https://cdn.sofifa.net/flags/ma.png
3007,241775,https://sofifa.com/player/241775/jawad-el-yamiq/220002,J. El Yamiq,Jawad El Yamiq,CB,73,74,2800000.0,10000.0,29,1992-02-29,192,80,462.0,Real Valladolid CF,Spanish Segunda División,2.0,SUB,15.0,,2020-09-24,2024.0,129,Morocco,,,,Right,3,2,1,Medium/Medium,Lean (185+),No,4700000.0,,Dives Into Tackles (AI),68.0,46.0,49.0,60.0,73.0,77.0,35,37,78,63,30,55,35,25,66,60,69,68,72,71,67,67,84,73,80,52,74,75,35,37,41,67,72,71,68,15,12,10,10,8,,57+2,57+2,57+2,53,54,54,54,53,54+2,54+2,54+2,55+2,59+2,59+2,59+2,55+2,65+2,68+2,68+2,68+2,65+2,67+2,73+1,73+1,73+1,67+2,18+2,https://cdn.sofifa.net/players/241/775/22_120.png,https://cdn.sofifa.net/teams/462/60.png,https://cdn.sofifa.net/flags/es.png,,https://cdn.sofifa.net/flags/ma.png
15582,255125,https://sofifa.com/player/255125/azzedine-ounahi/220002,A. Ounahi,Azzedine Ounahi,CDM,60,73,575000.0,2000.0,21,2000-04-19,182,62,1530.0,Angers SCO,French Ligue 1,1.0,RES,18.0,,2021-07-26,2025.0,129,Morocco,,,,Right,3,2,1,Medium/Medium,Lean (170-185),No,1500000.0,,,60.0,44.0,57.0,57.0,59.0,50.0,47,44,51,64,37,54,52,51,57,59,58,61,60,59,65,52,63,55,41,36,64,56,44,55,54,47,58,64,60,14,13,6,8,7,,51+2,51+2,51+2,54,53,53,53,54,55+2,55+2,55+2,55+2,56+2,56+2,56+2,55+2,58+2,59+2,59+2,59+2,58+2,58+2,58+2,58+2,58+2,58+2,16+2,https://cdn.sofifa.net/players/255/125/22_120.png,https://cdn.sofifa.net/teams/1530/60.png,https://cdn.sofifa.net/flags/fr.png,,https://cdn.sofifa.net/flags/ma.png
494,236401,https://sofifa.com/player/236401/noussair-mazraoui/220002,N. Mazraoui,Noussair Mazraoui,RB,80,85,29500000.0,17000.0,23,1997-11-14,183,62,245.0,Ajax,Holland Eredivisie,1.0,RB,12.0,,2016-11-01,2022.0,129,Morocco,,,,Right,3,3,2,High/Low,Lean (170-185),Yes,43500000.0,,"Injury Prone, Flair, Technical Dribbler (AI)",82.0,61.0,74.0,81.0,75.0,71.0,74,63,65,81,56,82,67,33,73,81,81,83,86,77,67,67,69,82,66,54,69,78,73,76,37,76,74,75,78,12,7,13,12,12,,72+2,72+2,72+2,77,75,75,75,77,77+2,77+2,77+2,78+2,77+2,77+2,77+2,78+2,78+2,77+2,77+2,77+2,78+2,78+2,74+2,74+2,74+2,78+2,18+2,https://cdn.sofifa.net/players/236/401/22_120.png,https://cdn.sofifa.net/teams/245/60.png,https://cdn.sofifa.net/flags/nl.png,,https://cdn.sofifa.net/flags/ma.png
1335,224158,https://sofifa.com/player/224158/sofyan-amrabat/220002,S. Amrabat,Sofyan Amrabat,"CDM, CM",76,79,9500000.0,36000.0,24,1996-08-21,185,70,110374.0,Fiorentina,Italian Serie A,1.0,SUB,34.0,,2020-01-31,2024.0,129,Morocco,,,,Right,2,3,1,Low/High,Normal (185+),No,16900000.0,,,69.0,71.0,70.0,75.0,73.0,78.0,59,70,61,80,68,71,69,58,71,82,69,69,64,74,82,72,69,78,80,75,75,74,68,68,57,82,77,73,67,13,13,6,16,12,,72+2,72+2,72+2,72,73,73,73,72,73+2,73+2,73+2,72+2,75+2,75+2,75+2,72+2,73+2,75+2,75+2,75+2,73+2,72+2,73+2,73+2,73+2,72+2,20+2,https://cdn.sofifa.net/players/224/158/22_120.png,https://cdn.sofifa.net/teams/110374/60.png,https://cdn.sofifa.net/flags/it.png,,https://cdn.sofifa.net/flags/ma.png
4421,238490,https://sofifa.com/player/238490/ilias-chair/220002,I. Chair,Ilias Chair,"CAM, LW, LM",71,77,3000000.0,11000.0,23,1997-10-30,171,64,15.0,Queens Park Rangers,English League Championship,2.0,CAM,10.0,,2017-02-01,2025.0,129,Morocco,,,,Right,2,3,1,High/Medium,Normal (170-185),No,6300000.0,,"Long Shot Taker (AI), Outside Foot Shot, Technical Dribbler (AI)",75.0,65.0,68.0,73.0,31.0,48.0,62,64,40,72,54,71,64,61,67,71,76,74,86,69,82,70,45,74,41,69,33,22,66,72,39,62,34,34,22,11,15,10,6,13,,64+2,64+2,64+2,70,69,69,69,70,71+2,71+2,71+2,70+2,66+2,66+2,66+2,70+2,54+2,51+2,51+2,51+2,54+2,50+2,39+2,39+2,39+2,50+2,18+2,https://cdn.sofifa.net/players/238/490/22_120.png,https://cdn.sofifa.net/teams/15/60.png,https://cdn.sofifa.net/flags/gb-eng.png,,https://cdn.sofifa.net/flags/ma.png
2130,211381,https://sofifa.com/player/211381/sofiane-boufal/220002,S. Boufal,Sofiane Boufal,"LM, LW",74,74,4500000.0,21000.0,27,1993-09-17,175,67,1530.0,Angers SCO,French Ligue 1,1.0,LS,13.0,,2020-10-05,2024.0,129,Morocco,,,,Right,4,4,2,Medium/Low,Lean (170-185),Yes,9000000.0,,"Finesse Shot, Flair, Technical Dribbler (AI)",79.0,66.0,72.0,79.0,27.0,50.0,70,62,35,75,70,79,75,63,65,79,81,77,89,63,84,70,38,51,52,65,47,19,73,73,69,72,16,40,32,9,16,10,14,7,,66+2,66+2,66+2,74,72,72,72,74,74,74,74,73+1,67+2,67+2,67+2,73+1,54+2,50+2,50+2,50+2,54+2,49+2,39+2,39+2,39+2,49+2,17+2,https://cdn.sofifa.net/players/211/381/22_120.png,https://cdn.sofifa.net/teams/1530/60.png,https://cdn.sofifa.net/flags/fr.png,,https://cdn.sofifa.net/flags/ma.png
123,208670,https://sofifa.com/player/208670/hakim-ziyech/220002,H. Ziyech,Hakim Ziyech,"RW, CAM",84,84,42500000.0,170000.0,28,1993-03-19,181,65,5.0,Chelsea,English Premier League,1.0,SUB,22.0,,2020-07-01,2025.0,129,Morocco,,,,Left,2,5,3,High/High,Unique,Yes,78600000.0,"#Playmaker, #Crosser, #Complete Midfielder","Flair, Long Shot Taker (AI), Playmaker (AI), Outside Foot Shot, Technical Dribbler (AI)",78.0,76.0,87.0,83.0,50.0,65.0,88,73,52,86,74,83,90,78,89,85,79,77,85,84,78,83,35,79,58,77,73,52,82,89,67,79,44,56,40,11,7,11,8,14,,76+3,76+3,76+3,83,82,82,82,83,84,84,84,83+1,82+2,82+2,82+2,83+1,70+3,70+3,70+3,70+3,70+3,66+3,57+3,57+3,57+3,66+3,18+3,https://cdn.sofifa.net/players/208/670/22_120.png,https://cdn.sofifa.net/teams/5/60.png,https://cdn.sofifa.net/flags/gb-eng.png,,https://cdn.sofifa.net/flags/ma.png
2845,229010,https://sofifa.com/player/229010/selim-amallah/220002,S. Amallah,Selim Amallah,"CAM, CM, LW",73,78,4600000.0,12000.0,24,1996-11-15,186,82,232.0,Standard de Liège,Belgian Jupiler Pro League,1.0,SUB,19.0,,2019-07-01,2023.0,129,Morocco,,,,Right,3,3,1,High/Medium,Normal (185+),No,7200000.0,,"Long Shot Taker (AI), Technical Dribbler (AI)",68.0,75.0,72.0,74.0,64.0,77.0,70,70,64,74,74,78,72,75,75,74,69,68,71,70,58,81,69,76,78,80,80,68,71,68,77,72,62,65,60,13,10,10,8,14,,72+2,72+2,72+2,72,73,73,73,72,73+2,73+2,73+2,72+2,73+2,73+2,73+2,72+2,69+2,70+2,70+2,70+2,69+2,68+2,68+2,68+2,68+2,68+2,18+2,https://cdn.sofifa.net/players/229/010/22_120.png,https://cdn.sofifa.net/teams/232/60.png,https://cdn.sofifa.net/flags/be.png,,https://cdn.sofifa.net/flags/ma.png
6283,248564,https://sofifa.com/player/248564/zakaria-aboukhlal/220002,Z. Aboukhlal,Zakaria Aboukhlal,"RW, LW, ST",69,79,3100000.0,5000.0,21,2000-02-18,179,74,1906.0,AZ Alkmaar,Holland Eredivisie,1.0,RW,7.0,,2019-08-27,2023.0,129,Morocco,,,,Left,3,4,1,High/Medium,Normal (170-185),No,5300000.0,,"Flair, Outside Foot Shot, Technical Dribbler (AI)",84.0,67.0,61.0,72.0,29.0,58.0,60,68,48,63,54,73,67,52,54,68,87,81,85,61,76,71,42,64,59,67,52,20,60,65,62,64,28,29,33,10,6,10,5,12,,65+2,65+2,65+2,69,68,68,68,69,67+2,67+2,67+2,67+2,60+2,60+2,60+2,67+2,52+2,47+2,47+2,47+2,52+2,49+2,41+2,41+2,41+2,49+2,14+2,https://cdn.sofifa.net/players/248/564/22_120.png,https://cdn.sofifa.net/teams/1906/60.png,https://cdn.sofifa.net/flags/nl.png,,https://cdn.sofifa.net/flags/ma.png
1480,162328,https://sofifa.com/player/162328/remko-pasveer/220002,R. Pasveer,Remko Pasveer,GK,75,75,625000.0,8000.0,37,1983-11-08,188,88,245.0,Ajax,Holland Eredivisie,1.0,SUB,32.0,,2021-07-01,2023.0,34,Netherlands,,,,Right,4,1,1,Medium/Medium,Normal (185+),No,875000.0,,Comes For Crosses,,,,,,,15,12,16,37,18,17,18,14,52,34,46,44,42,70,36,64,65,35,70,16,30,13,15,59,28,57,14,18,20,74,72,85,77,74,45.0,33+2,33+2,33+2,31,34,34,34,31,36+2,36+2,36+2,34+2,38+2,38+2,38+2,34+2,29+2,34+2,34+2,34+2,29+2,28+2,29+2,29+2,29+2,28+2,74+1,https://cdn.sofifa.net/players/162/328/22_120.png,https://cdn.sofifa.net/teams/245/60.png,https://cdn.sofifa.net/flags/nl.png,,https://cdn.sofifa.net/flags/nl.png
1062,232229,https://sofifa.com/player/232229/justin-bijlow/220002,J. Bijlow,Justin Bijlow,GK,77,85,20000000.0,8000.0,23,1998-01-22,188,76,246.0,Feyenoord,Holland Eredivisie,1.0,GK,1.0,,2015-07-01,2025.0,34,Netherlands,105035.0,GK,1.0,Right,2,1,1,Medium/Medium,Normal (185+),No,34000000.0,,"Injury Prone, Comes For Crosses",,,,,,,10,10,11,33,10,11,10,10,44,21,58,55,56,75,32,58,67,30,70,10,22,10,10,58,16,54,16,12,14,80,75,77,73,78,57.0,30+2,30+2,30+2,29,31,31,31,29,33+2,33+2,33+2,31+2,33+2,33+2,33+2,31+2,26+2,29+2,29+2,29+2,26+2,26+2,26+2,26+2,26+2,26+2,76+2,https://cdn.sofifa.net/players/232/229/22_120.png,https://cdn.sofifa.net/teams/246/60.png,https://cdn.sofifa.net/flags/nl.png,https://cdn.sofifa.net/teams/105035/60.png,https://cdn.sofifa.net/flags/nl.png
12467,218212,https://sofifa.com/player/218212/andries-noppert/220002,A. Noppert,Andries Noppert,GK,63,67,500000.0,2000.0,27,1994-04-07,203,94,100632.0,Go Ahead Eagles,Holland Eredivisie,1.0,SUB,23.0,,2021-01-22,2022.0,34,Netherlands,,,,Right,3,1,1,Medium/Medium,Lean (185+),No,763000.0,,,,,,,,,14,19,19,20,19,19,41,14,39,20,45,50,40,60,60,47,66,42,66,20,21,16,15,16,19,54,10,15,13,65,61,62,64,61,47.0,30+2,30+2,30+2,25,26,26,26,25,25+2,25+2,25+2,27+2,26+2,26+2,26+2,27+2,25+2,25+2,25+2,25+2,25+2,25+2,25+2,25+2,25+2,25+2,62+2,https://cdn.sofifa.net/players/218/212/22_120.png,https://cdn.sofifa.net/teams/100632/60.png,https://cdn.sofifa.net/flags/nl.png,,https://cdn.sofifa.net/flags/nl.png
96,235243,https://sofifa.com/player/235243/matthijs-de-ligt/220002,M. de Ligt,Matthijs de Ligt,CB,85,90,75000000.0,81000.0,21,1999-08-12,189,89,45.0,Juventus,Italian Serie A,1.0,LCB,4.0,,2019-07-18,2024.0,34,Netherlands,105035.0,SUB,3.0,Right,3,2,3,Medium/High,Unique,Yes,129400000.0,#Strength,"Solid Player, Power Header",73.0,59.0,60.0,69.0,84.0,87.0,52,50,85,75,45,65,48,55,63,73,71,75,60,84,62,82,93,75,93,66,83,81,44,45,40,82,84,85,85,12,11,11,12,10,,68+3,68+3,68+3,64,65,65,65,64,64+3,64+3,64+3,65+3,67+3,67+3,67+3,65+3,75+3,78+3,78+3,78+3,75+3,78+3,84+3,84+3,84+3,78+3,19+3,https://cdn.sofifa.net/players/235/243/22_120.png,https://cdn.sofifa.net/teams/45/60.png,https://cdn.sofifa.net/flags/it.png,https://cdn.sofifa.net/teams/105035/60.png,https://cdn.sofifa.net/flags/nl.png
15,203376,https://sofifa.com/player/203376/virgil-van-dijk/220002,V. van Dijk,Virgil van Dijk,CB,89,89,86000000.0,230000.0,29,1991-07-08,193,92,9.0,Liverpool,English Premier League,1.0,LCB,4.0,,2018-01-01,2025.0,34,Netherlands,105035.0,LCB,4.0,Right,3,2,4,Medium/Medium,Unique,Yes,159100000.0,"#Tackling, #Tactician, #Strength, #Complete Defender","Leadership, Long Passer (AI), Power Header",78.0,60.0,71.0,72.0,91.0,84.0,53,52,87,79,45,70,60,70,86,76,66,88,61,87,53,81,90,69,92,64,83,90,47,65,62,90,92,92,86,13,10,13,11,11,,70+3,70+3,70+3,67,69,69,69,67,70+3,70+3,70+3,70+3,75+3,75+3,75+3,70+3,79+3,84+3,84+3,84+3,79+3,81+3,88+1,88+1,88+1,81+3,20+3,https://cdn.sofifa.net/players/203/376/22_120.png,https://cdn.sofifa.net/teams/9/60.png,https://cdn.sofifa.net/flags/gb-eng.png,https://cdn.sofifa.net/teams/105035/60.png,https://cdn.sofifa.net/flags/nl.png
84,198176,https://sofifa.com/player/198176/stefan-de-vrij/220002,S. de Vrij,Stefan de Vrij,CB,85,85,45000000.0,145000.0,29,1992-02-05,189,78,44.0,Inter,Italian Serie A,1.0,CB,6.0,,2018-07-01,2023.0,34,Netherlands,105035.0,RCB,6.0,Right,3,2,3,Medium/High,Unique,Yes,76500000.0,"#Tackling, #Tactician ",Long Passer (AI),72.0,41.0,64.0,70.0,87.0,79.0,49,25,84,75,27,66,45,16,71,75,69,74,61,85,59,65,79,80,79,60,77,87,31,70,41,85,89,87,85,8,10,7,14,13,,59+3,59+3,59+3,61,62,62,62,61,65+3,65+3,65+3,64+3,71+3,71+3,71+3,64+3,77+3,81+3,81+3,81+3,77+3,79+3,84+1,84+1,84+1,79+3,19+3,https://cdn.sofifa.net/players/198/176/22_120.png,https://cdn.sofifa.net/teams/44/60.png,https://cdn.sofifa.net/flags/it.png,https://cdn.sofifa.net/teams/105035/60.png,https://cdn.sofifa.net/flags/nl.png
1093,238041,https://sofifa.com/player/238041/tyrell-malacia/220002,T. Malacia,Tyrell Malacia,LB,77,82,15000000.0,8000.0,21,1999-08-17,169,67,246.0,Feyenoord,Holland Eredivisie,1.0,LB,15.0,,2015-12-02,2024.0,34,Netherlands,105035.0,SUB,5.0,Left,3,3,1,High/Low,Lean (170-),No,23600000.0,,"Long Throw-in, Dives Into Tackles (AI), Early Crosser, Speed Dribbler (AI)",81.0,56.0,64.0,75.0,72.0,73.0,75,50,58,75,59,75,36,35,56,74,82,81,82,71,89,65,85,80,67,62,77,70,60,52,46,66,70,78,76,9,9,12,8,8,,65+2,65+2,65+2,70,67,67,67,70,68+2,68+2,68+2,70+2,67+2,67+2,67+2,70+2,75+2,71+2,71+2,71+2,75+2,75+2,72+2,72+2,72+2,75+2,16+2,https://cdn.sofifa.net/players/238/041/22_120.png,https://cdn.sofifa.net/teams/246/60.png,https://cdn.sofifa.net/flags/nl.png,https://cdn.sofifa.net/teams/105035/60.png,https://cdn.sofifa.net/flags/nl.png
214,190815,https://sofifa.com/player/190815/daley-blind/220002,D. Blind,Daley Blind,"CB, CDM, LB",82,82,21000000.0,23000.0,31,1990-03-09,180,72,245.0,Ajax,Holland Eredivisie,1.0,LB,17.0,,2018-07-17,2023.0,34,Netherlands,105035.0,LB,17.0,Left,3,3,3,High/Medium,Normal (170-185),Yes,29400000.0,#Tactician ,"Long Passer (AI), Outside Foot Shot, Team Player",45.0,64.0,82.0,79.0,83.0,72.0,80,60,76,84,66,77,84,62,85,84,48,43,72,83,72,74,76,76,72,64,67,87,66,83,54,84,83,84,80,12,9,10,14,10,,70+3,70+3,70+3,72,73,73,73,72,76+3,76+3,76+3,74+3,81+1,81+1,81+1,74+3,78+3,82,82,82,78+3,78+3,80+2,80+2,80+2,78+3,19+3,https://cdn.sofifa.net/players/190/815/22_120.png,https://cdn.sofifa.net/teams/245/60.png,https://cdn.sofifa.net/flags/nl.png,https://cdn.sofifa.net/teams/105035/60.png,https://cdn.sofifa.net/flags/nl.png
652,240679,https://sofifa.com/player/240679/teun-koopmeiners/220002,T. Koopmeiners,Teun Koopmeiners,"CDM, CM, CB",79,84,24500000.0,41000.0,23,1998-02-28,183,77,39.0,Atalanta,Italian Serie A,1.0,SUB,7.0,,2021-08-30,2026.0,34,Netherlands,105035.0,SUB,20.0,Left,2,3,2,Medium/Medium,Normal (170-185),No,43500000.0,,"Solid Player, Long Passer (AI), Long Shot Taker (AI), Playmaker (AI)",65.0,72.0,79.0,72.0,76.0,77.0,76,67,73,82,66,70,69,77,83,76,66,64,66,80,71,78,78,84,75,76,71,79,68,76,85,79,77,75,75,14,8,14,12,10,,72+2,72+2,72+2,73,73,73,73,73,74+2,74+2,74+2,74+2,78+2,78+2,78+2,74+2,77+2,78+2,78+2,78+2,77+2,76+2,76+2,76+2,76+2,76+2,19+2,https://cdn.sofifa.net/players/240/679/22_120.png,https://cdn.sofifa.net/teams/39/60.png,https://cdn.sofifa.net/flags/it.png,https://cdn.sofifa.net/teams/105035/60.png,https://cdn.sofifa.net/flags/nl.png
43,228702,https://sofifa.com/player/228702/frenkie-de-jong/220002,F. de Jong,Frenkie de Jong,"CM, CDM, CB",87,92,119500000.0,210000.0,24,1997-05-12,180,74,241.0,FC Barcelona,Spain Primera Division,1.0,RCM,21.0,,2019-07-01,2026.0,34,Netherlands,105035.0,CDM,21.0,Right,3,4,3,High/Medium,Unique,Yes,253900000.0,"#Dribbler, #Playmaker, #Acrobat, #Complete Midfielder","Flair, Playmaker (AI), Outside Foot Shot, Technical Dribbler (AI)",81.0,69.0,85.0,88.0,77.0,78.0,78,72,72,91,70,88,84,64,87,89,80,82,88,88,79,68,76,90,74,66,75,82,77,86,45,90,76,76,77,7,13,10,10,9,,78+3,78+3,78+3,83,82,82,82,83,85+3,85+3,85+3,85+3,86+3,86+3,86+3,85+3,83+3,83+3,83+3,83+3,83+3,82+3,78+3,78+3,78+3,82+3,18+3,https://cdn.sofifa.net/players/228/702/22_120.png,https://cdn.sofifa.net/teams/241/60.png,https://cdn.sofifa.net/flags/es.png,https://cdn.sofifa.net/teams/105035/60.png,https://cdn.sofifa.net/flags/nl.png
9514,245367,https://sofifa.com/player/245367/xavi-simons/220002,X. Simons,Xavi Simons,CM,66,83,2200000.0,6000.0,18,2003-04-21,168,58,73.0,Paris Saint-Germain,French Ligue 1,1.0,RES,34.0,,2019-07-23,2022.0,34,Netherlands,,,,Right,3,3,1,Medium/High,Normal (170-),Yes,5400000.0,,"Playmaker (AI), Outside Foot Shot, Technical Dribbler (AI)",68.0,57.0,66.0,70.0,57.0,60.0,60,57,39,69,49,70,71,61,65,69,70,66,73,63,84,59,56,61,55,55,72,61,67,68,58,70,56,64,52,9,11,5,8,10,,61+2,61+2,61+2,66,65,65,65,66,67+2,67+2,67+2,66+2,66+2,66+2,66+2,66+2,62+2,64+2,64+2,64+2,62+2,61+2,59+2,59+2,59+2,61+2,15+2,https://cdn.sofifa.net/players/245/367/22_120.png,https://cdn.sofifa.net/teams/73/60.png,https://cdn.sofifa.net/flags/fr.png,,https://cdn.sofifa.net/flags/nl.png
86,202556,https://sofifa.com/player/202556/memphis-depay/220002,M. Depay,Memphis Depay,"CF, LW, CAM",85,86,63000000.0,220000.0,27,1994-02-13,176,78,241.0,FC Barcelona,Spain Primera Division,1.0,LW,9.0,,2021-07-01,2023.0,34,Netherlands,105035.0,ST,10.0,Right,3,5,3,High/Low,Unique,Yes,133900000.0,#Dribbler,"Flair, Long Shot Taker (AI), Playmaker (AI), Outside Foot Shot, Technical Dribbler (AI)",82.0,83.0,82.0,84.0,30.0,79.0,84,83,65,81,74,86,85,83,76,85,81,83,80,83,81,87,69,79,83,83,72,28,85,85,76,80,23,31,20,8,14,6,12,10,,82+3,82+3,82+3,84,84,84,84,84,83+3,83+3,83+3,83+3,77+3,77+3,77+3,83+3,61+3,59+3,59+3,59+3,61+3,56+3,49+3,49+3,49+3,56+3,19+3,https://cdn.sofifa.net/players/202/556/22_120.png,https://cdn.sofifa.net/teams/241/60.png,https://cdn.sofifa.net/flags/es.png,https://cdn.sofifa.net/teams/105035/60.png,https://cdn.sofifa.net/flags/nl.png
529,189805,https://sofifa.com/player/189805/luuk-de-jong/220002,L. de Jong,Luuk de Jong,ST,79,79,17000000.0,34000.0,30,1990-08-27,188,86,241.0,FC Barcelona,Spain Primera Division,1.0,SUB,17.0,Sevilla FC,,2022.0,34,Netherlands,,,,Right,5,3,2,Medium/High,Normal (185+),Yes,,#Aerial Threat,Power Header,50.0,78.0,71.0,70.0,46.0,75.0,66,79,93,80,83,67,63,69,62,79,48,52,54,76,57,83,88,71,84,70,54,40,84,69,67,76,39,43,37,16,10,8,8,11,,78+1,78+1,78+1,71,74,74,74,71,73+2,73+2,73+2,70+2,70+2,70+2,70+2,70+2,58+2,60+2,60+2,60+2,58+2,56+2,58+2,58+2,58+2,56+2,18+2,https://cdn.sofifa.net/players/189/805/22_120.png,https://cdn.sofifa.net/teams/241/60.png,https://cdn.sofifa.net/flags/es.png,,https://cdn.sofifa.net/flags/nl.png
314,200260,https://sofifa.com/player/200260/steven-berghuis/220002,S. Berghuis,Steven Berghuis,RW,81,81,25500000.0,26000.0,29,1991-12-19,182,75,245.0,Ajax,Holland Eredivisie,1.0,SUB,23.0,,2021-07-19,2025.0,34,Netherlands,105035.0,RW,11.0,Left,3,4,2,Medium/Medium,Lean (170-185),Yes,35700000.0,,"Early Crosser, Finesse Shot, Long Shot Taker (AI), Playmaker (AI), Outside Foot Shot, Technical Dribbler (AI)",80.0,81.0,82.0,82.0,36.0,66.0,84,80,48,82,76,81,86,76,80,84,83,78,85,77,75,82,56,77,59,85,70,37,77,82,84,80,34,36,30,9,11,7,7,15,,76+2,76+2,76+2,81,80,80,80,81,81,81,81,81,76+2,76+2,76+2,81,63+2,61+2,61+2,61+2,63+2,58+2,49+2,49+2,49+2,58+2,18+2,https://cdn.sofifa.net/players/200/260/22_120.png,https://cdn.sofifa.net/teams/245/60.png,https://cdn.sofifa.net/flags/nl.png,https://cdn.sofifa.net/teams/105035/60.png,https://cdn.sofifa.net/flags/nl.png
564,203483,https://sofifa.com/player/203483/davy-klaassen/220002,D. Klaassen,Davy Klaassen,"CAM, CM",79,79,17500000.0,21000.0,28,1993-02-21,179,70,245.0,Ajax,Holland Eredivisie,1.0,CAM,6.0,,2020-10-05,2024.0,34,Netherlands,105035.0,LCM,14.0,Right,3,3,2,High/High,Normal (170-185),Yes,24500000.0,#Engine,"Dives Into Tackles (AI), Outside Foot Shot",71.0,80.0,73.0,76.0,72.0,78.0,67,81,77,79,82,75,61,44,77,80,69,72,68,82,68,81,69,90,73,75,79,73,83,78,76,82,68,75,65,12,6,13,16,10,,79,79,79,77,79,79,79,77,78+1,78+1,78+1,77+2,79,79,79,77+2,75+2,76+2,76+2,76+2,75+2,74+2,74+2,74+2,74+2,74+2,19+2,https://cdn.sofifa.net/players/203/483/22_120.png,https://cdn.sofifa.net/teams/245/60.png,https://cdn.sofifa.net/flags/nl.png,https://cdn.sofifa.net/teams/105035/60.png,https://cdn.sofifa.net/flags/nl.png
1796,226537,https://sofifa.com/player/226537/vincent-janssen/220002,V. Janssen,Vincent Janssen,"ST, CF",75,76,6500000.0,45000.0,27,1994-06-15,184,79,1032.0,CF Monterrey,Mexican Liga MX,1.0,SUB,9.0,,2019-07-23,2024.0,34,Netherlands,,,,Left,4,3,1,High/High,Normal (170-185),Yes,10900000.0,#Strength,"Injury Prone, Leadership, Finesse Shot",75.0,73.0,62.0,70.0,39.0,84.0,35,72,72,72,63,67,54,39,66,73,75,75,69,75,63,82,71,72,91,68,83,19,77,75,81,74,45,37,37,13,7,11,15,16,,75+1,75+1,75+1,69,73,73,73,69,72+2,72+2,72+2,69+2,67+2,67+2,67+2,69+2,53+2,57+2,57+2,57+2,53+2,52+2,55+2,55+2,55+2,52+2,20+2,https://cdn.sofifa.net/players/226/537/22_120.png,https://cdn.sofifa.net/teams/1032/60.png,https://cdn.sofifa.net/flags/mx.png,,https://cdn.sofifa.net/flags/nl.png
183,223689,https://sofifa.com/player/223689/wout-weghorst/220002,W. Weghorst,Wout Weghorst,ST,83,83,37000000.0,95000.0,28,1992-08-07,197,84,175.0,VfL Wolfsburg,German 1. Bundesliga,1.0,ST,9.0,,2018-07-01,2023.0,34,Netherlands,105035.0,SUB,19.0,Right,3,2,2,High/High,Normal (185+),No,62900000.0,"#Aerial Threat, #Strength",Power Header,63.0,83.0,59.0,70.0,52.0,86.0,42,87,92,76,83,65,40,37,43,79,59,66,62,85,44,86,79,83,89,74,85,34,88,67,71,83,44,67,30,11,9,14,16,12,,82+1,82+1,82+1,72,77,77,77,72,73+2,73+2,73+2,70+2,70+2,70+2,70+2,70+2,59+2,63+2,63+2,63+2,59+2,58+2,64+2,64+2,64+2,58+2,20+2,https://cdn.sofifa.net/players/223/689/22_120.png,https://cdn.sofifa.net/teams/175/60.png,https://cdn.sofifa.net/flags/de.png,https://cdn.sofifa.net/teams/105035/60.png,https://cdn.sofifa.net/flags/nl.png
7462,263238,https://sofifa.com/player/263238/seyed-payam-niazmand/220002,S. Niazmand,Seyed Payam Niazmand,GK,68,73,1400000.0,3000.0,26,1995-04-06,194,84,10031.0,Portimonense SC,Portuguese Liga ZON SAGRES,1.0,SUB,12.0,,2021-07-12,2024.0,161,Iran,,,,Right,2,1,1,Medium/Medium,Normal (185+),No,3000000.0,,"GK Long Throw, Rushes Out Of Goal",,,,,,,14,8,14,27,6,17,14,13,20,21,25,34,39,63,27,49,39,21,64,8,27,7,4,56,12,49,6,12,14,69,66,65,69,68,29.0,24+2,24+2,24+2,24,26,26,26,24,27+2,27+2,27+2,25+2,27+2,27+2,27+2,25+2,21+2,23+2,23+2,23+2,21+2,20+2,22+2,22+2,22+2,20+2,67+2,https://cdn.sofifa.net/players/263/238/22_120.png,https://cdn.sofifa.net/teams/10031/60.png,https://cdn.sofifa.net/flags/pt.png,,https://cdn.sofifa.net/flags/ir.png
2973,237419,https://sofifa.com/player/237419/amir-abedzadeh/220002,A. Abedzadeh,Amir Abedzadeh,GK,73,74,2400000.0,6000.0,28,1993-04-26,186,80,2023.0,SD Ponferradina,Spanish Segunda División,2.0,GK,1.0,,2021-07-08,2023.0,161,Iran,,,,Right,2,1,1,Medium/Medium,Normal (185+),No,4000000.0,,Long Passer (AI),,,,,,,12,10,13,24,12,10,13,14,35,15,30,25,53,70,36,50,55,21,60,11,26,14,10,50,11,34,13,14,14,72,70,67,73,73,28.0,24+2,24+2,24+2,22,24,24,24,22,26+2,26+2,26+2,23+2,27+2,27+2,27+2,23+2,21+2,26+2,26+2,26+2,21+2,21+2,24+2,24+2,24+2,21+2,72+2,https://cdn.sofifa.net/players/237/419/22_120.png,https://cdn.sofifa.net/teams/2023/60.png,https://cdn.sofifa.net/flags/es.png,,https://cdn.sofifa.net/flags/ir.png
4500,244259,https://sofifa.com/player/244259/sadegh-moharrami/220002,S. Moharrami,Sadegh Moharrami,"RB, RM",71,74,2300000.0,550.0,25,1996-03-01,174,71,211.0,Dinamo Zagreb,Croatian Prva HNL,1.0,SUB,2.0,,2018-07-02,2025.0,161,Iran,,,,Right,2,3,1,High/High,Normal (170-185),No,5200000.0,,"Speed Dribbler (AI), Team Player",81.0,30.0,52.0,68.0,70.0,59.0,57,26,56,59,21,67,39,27,51,66,82,81,75,62,84,34,79,75,48,27,61,75,53,45,38,57,66,75,72,6,13,7,14,9,,51+2,51+2,51+2,59,56,56,56,59,57+2,57+2,57+2,61+2,58+2,58+2,58+2,61+2,69+2,65+2,65+2,65+2,69+2,69+2,66+2,66+2,66+2,69+2,16+2,https://cdn.sofifa.net/players/244/259/22_120.png,https://cdn.sofifa.net/teams/211/60.png,https://cdn.sofifa.net/flags/hr.png,,https://cdn.sofifa.net/flags/ir.png
5932,227921,https://sofifa.com/player/227921/morteza-pouraliganji/220002,M. Pouraliganji,Morteza Pouraliganji,"CB, CDM, CM",69,69,1200000.0,6000.0,29,1992-04-19,187,83,111773.0,Shenzhen FC,Chinese Super League,1.0,LCB,35.0,,2020-09-22,2022.0,161,Iran,,,,Right,3,3,1,Low/Medium,Normal (185+),No,1900000.0,,Injury Prone,69.0,57.0,61.0,68.0,69.0,73.0,52,58,69,65,64,68,58,48,67,72,69,69,62,66,61,62,73,76,73,48,71,67,64,61,49,60,69,71,67,11,10,12,16,14,,65+2,65+2,65+2,64,65,65,65,64,65+2,65+2,65+2,66+2,66+2,66+2,66+2,66+2,67+2,69,69,69,67+2,67+2,69,69,69,67+2,19+2,https://cdn.sofifa.net/players/227/921/22_120.png,https://cdn.sofifa.net/teams/111773/60.png,https://cdn.sofifa.net/flags/cn.png,,https://cdn.sofifa.net/flags/ir.png
8327,243549,https://sofifa.com/player/243549/majid-hosseini/220002,M. Hosseini,Seyed Majid Hosseini,"CB, CDM",67,71,1300000.0,5000.0,25,1996-06-20,183,76,101020.0,Yukatel Kayserispor,Turkish Süper Lig,1.0,SUB,5.0,,2021-07-27,2022.0,161,Iran,,,,Right,3,2,1,Medium/High,Stocky (170-185),No,2700000.0,,,64.0,28.0,46.0,51.0,70.0,68.0,28,18,70,62,22,42,35,37,58,54,63,65,55,65,67,45,75,72,73,30,50,69,26,30,45,66,67,72,70,6,13,12,12,13,,46+2,46+2,46+2,44,44,44,44,44,46+2,46+2,46+2,48+2,52+2,52+2,52+2,48+2,61+2,63+2,63+2,63+2,61+2,63+2,67+2,67+2,67+2,63+2,17+2,https://cdn.sofifa.net/players/243/549/22_120.png,https://cdn.sofifa.net/teams/101020/60.png,https://cdn.sofifa.net/flags/tr.png,,https://cdn.sofifa.net/flags/ir.png
11703,241793,https://sofifa.com/player/241793/ali-karimi/220002,A. Karimi,Ali Karimi,CAM,64,65,675000.0,4000.0,27,1994-02-11,185,79,101020.0,Yukatel Kayserispor,Turkish Süper Lig,1.0,RES,6.0,,2021-08-10,2024.0,161,Iran,,,,Right,3,2,1,High/Medium,Lean (185+),No,1400000.0,,,59.0,61.0,62.0,65.0,51.0,54.0,58,61,70,66,48,68,59,49,59,69,64,54,59,48,58,64,67,55,51,61,59,41,66,63,48,58,49,53,48,6,14,13,9,5,,62+2,62+2,62+2,63,63,63,63,63,64+1,64+1,64+1,62+2,61+2,61+2,61+2,62+2,55+2,55+2,55+2,55+2,55+2,54+2,54+2,54+2,54+2,54+2,13+2,https://cdn.sofifa.net/players/241/793/22_120.png,https://cdn.sofifa.net/teams/101020/60.png,https://cdn.sofifa.net/flags/tr.png,,https://cdn.sofifa.net/flags/ir.png
8098,233241,https://sofifa.com/player/233241/saeid-ezatolahi/220002,S. Ezatolahi,Saeid Ezatolahi Afagh,"CDM, CM",67,73,1500000.0,3000.0,24,1996-10-01,190,78,822.0,Vejle Boldklub,Danish Superliga,1.0,CDM,6.0,,2020-08-20,2023.0,161,Iran,,,,Right,3,2,1,Medium/Medium,Normal (185+),No,2200000.0,,,60.0,57.0,60.0,62.0,65.0,72.0,49,52,60,66,41,61,49,55,67,66,63,58,59,64,52,72,58,69,73,60,75,67,57,60,45,63,65,66,62,14,10,15,7,14,,61+2,61+2,61+2,60,61,61,61,60,62+2,62+2,62+2,61+2,64+2,64+2,64+2,61+2,63+2,66+2,66+2,66+2,63+2,63+2,66+2,66+2,66+2,63+2,17+2,https://cdn.sofifa.net/players/233/241/22_120.png,https://cdn.sofifa.net/teams/822/60.png,https://cdn.sofifa.net/flags/dk.png,,https://cdn.sofifa.net/flags/ir.png
2383,243551,https://sofifa.com/player/243551/ali-gholizadeh/220002,A. Gholizadeh,Ali Gholizadeh,"LM, RM, CM",74,76,5500000.0,13000.0,25,1996-03-10,176,69,670.0,Royal Charleroi S.C.,Belgian Jupiler Pro League,1.0,RCM,8.0,,2018-07-01,2022.0,161,Iran,,,,Left,3,4,1,Medium/Medium,Normal (170-185),No,8700000.0,,"Flair, Long Shot Taker (AI), Technical Dribbler (AI)",77.0,67.0,68.0,77.0,48.0,70.0,65,68,34,68,58,78,63,65,65,78,79,75,77,70,78,72,78,80,68,64,62,43,70,73,55,72,49,55,47,14,12,13,10,8,,68+2,68+2,68+2,73,72,72,72,73,72+2,72+2,72+2,73+2,69+2,69+2,69+2,73+2,63+2,62+2,62+2,62+2,63+2,60+2,55+2,55+2,55+2,60+2,18+2,https://cdn.sofifa.net/players/243/551/22_120.png,https://cdn.sofifa.net/teams/670/60.png,https://cdn.sofifa.net/flags/be.png,,https://cdn.sofifa.net/flags/ir.png
2731,215871,https://sofifa.com/player/215871/alireza-jahanbakhsh/220002,A. Jahanbakhsh,Alireza Jahanbakhsh,RW,73,73,3200000.0,10000.0,27,1993-08-11,180,78,246.0,Feyenoord,Holland Eredivisie,1.0,RW,9.0,,2021-07-17,2024.0,161,Iran,,,,Right,4,4,2,Medium/Medium,Normal (170-185),Yes,4800000.0,,"Flair, Speed Dribbler (AI)",77.0,72.0,68.0,76.0,43.0,69.0,70,67,62,71,74,77,64,46,62,76,76,77,78,70,75,84,84,73,66,74,68,42,72,73,58,75,45,37,40,13,11,9,7,7,,72+1,72+1,72+1,73,73,73,73,73,73,73,73,73,68+2,68+2,68+2,73,61+2,58+2,58+2,58+2,61+2,58+2,54+2,54+2,54+2,58+2,16+2,https://cdn.sofifa.net/players/215/871/22_120.png,https://cdn.sofifa.net/teams/246/60.png,https://cdn.sofifa.net/flags/nl.png,,https://cdn.sofifa.net/flags/ir.png
654,241788,https://sofifa.com/player/241788/mehdi-taremi/220002,M. Taremi,Mehdi Taremi,"ST, CF",79,79,18000000.0,19000.0,28,1992-07-18,187,83,236.0,FC Porto,Portuguese Liga ZON SAGRES,1.0,RS,9.0,,2020-08-31,2024.0,161,Iran,,,,Right,4,4,1,High/Medium,Normal (185+),No,36000000.0,,"Flair, Technical Dribbler (AI)",76.0,79.0,70.0,80.0,38.0,71.0,68,81,70,74,74,81,74,43,64,83,77,76,73,81,65,81,74,80,76,74,46,23,83,73,76,81,38,41,25,9,11,9,15,8,,79,79,79,78,79,79,79,78,78+1,78+1,78+1,77+2,72+2,72+2,72+2,77+2,59+2,57+2,57+2,57+2,59+2,56+2,50+2,50+2,50+2,56+2,18+2,https://cdn.sofifa.net/players/241/788/22_120.png,https://cdn.sofifa.net/teams/236/60.png,https://cdn.sofifa.net/flags/pt.png,,https://cdn.sofifa.net/flags/ir.png
2051,197136,https://sofifa.com/player/197136/karim-ansarifard/220002,K. Ansarifard,Karim Ansarifard,ST,74,74,3600000.0,1000.0,31,1990-04-03,187,80,278.0,AEK Athens,Greek Super League,1.0,SUB,10.0,,2020-08-25,2023.0,161,Iran,,,,Right,4,3,1,High/Medium,Normal (185+),No,7900000.0,,Long Shot Taker (AI),74.0,77.0,62.0,71.0,43.0,72.0,59,77,70,68,72,72,68,56,57,69,73,75,72,73,69,78,74,73,74,77,66,54,75,58,75,75,30,42,39,8,14,9,15,12,,74,74,74,71,72,72,72,71,69+2,69+2,69+2,69+2,65+2,65+2,65+2,69+2,59+2,57+2,57+2,57+2,59+2,57+2,55+2,55+2,55+2,57+2,19+2,https://cdn.sofifa.net/players/197/136/22_120.png,https://cdn.sofifa.net/teams/278/60.png,https://cdn.sofifa.net/flags/gr.png,,https://cdn.sofifa.net/flags/ir.png
5108,231949,https://sofifa.com/player/231949/saman-ghoddos/220002,S. Ghoddos,Saman Ghoddos,"CAM, CM, LW",70,70,1700000.0,24000.0,27,1993-09-06,177,79,1925.0,Brentford,English Premier League,1.0,SUB,14.0,,2021-01-15,2023.0,161,Iran,,,,Right,3,4,1,Medium/Low,Normal (170-185),Yes,3400000.0,,,60.0,72.0,69.0,71.0,49.0,65.0,67,70,64,72,68,69,65,78,64,73,61,60,68,68,78,78,58,62,67,73,63,46,68,70,62,69,51,46,44,10,11,6,13,9,,69+1,69+1,69+1,69,70,70,70,69,70,70,70,68+2,67+2,67+2,67+2,68+2,59+2,60+2,60+2,60+2,59+2,57+2,56+2,56+2,56+2,57+2,17+2,https://cdn.sofifa.net/players/231/949/22_120.png,https://cdn.sofifa.net/teams/1925/60.png,https://cdn.sofifa.net/flags/gb-eng.png,,https://cdn.sofifa.net/flags/ir.png
476,227290,https://sofifa.com/player/227290/marko-dmitrovic/220002,M. Dmitrović,Marko Dmitrović,GK,80,81,16000000.0,26000.0,29,1992-01-24,194,94,481.0,Sevilla FC,Spain Primera Division,1.0,SUB,1.0,,2021-07-04,2025.0,51,Serbia,,,,Left,2,1,1,Medium/Medium,Stocky (185+),Yes,34800000.0,,"GK Long Throw, Team Player",,,,,,,30,20,20,40,20,8,20,18,40,9,39,35,32,76,37,59,50,45,79,17,20,17,9,45,58,59,19,22,20,77,79,78,80,81,37.0,30+2,30+2,30+2,26,28,28,28,26,29+2,29+2,29+2,29+2,32+2,32+2,32+2,29+2,30+2,32+2,32+2,32+2,30+2,30+2,30+2,30+2,30+2,30+2,79+2,https://cdn.sofifa.net/players/227/290/22_120.png,https://cdn.sofifa.net/teams/481/60.png,https://cdn.sofifa.net/flags/es.png,,https://cdn.sofifa.net/flags/rs.png
8593,258718,https://sofifa.com/player/258718/marko-ilic/220002,M. Ilic,Marko Ilić,GK,67,74,1700000.0,3000.0,23,1998-02-03,191,81,100081.0,KV Kortrijk,Belgian Jupiler Pro League,1.0,GK,31.0,,2020-09-10,2024.0,51,Serbia,,,,Right,2,1,1,Medium/Medium,Normal (185+),No,2800000.0,,,,,,,,,11,9,11,17,8,15,13,14,24,14,38,39,36,67,28,44,58,32,71,7,29,13,7,45,19,47,12,12,14,71,63,59,61,69,38.0,24+2,24+2,24+2,22,24,24,24,22,24+2,24+2,24+2,24+2,24+2,24+2,24+2,24+2,22+2,24+2,24+2,24+2,22+2,22+2,24+2,24+2,24+2,22+2,66+2,https://cdn.sofifa.net/players/258/718/22_120.png,https://cdn.sofifa.net/teams/100081/60.png,https://cdn.sofifa.net/flags/be.png,,https://cdn.sofifa.net/flags/rs.png
843,241727,https://sofifa.com/player/241727/predrag-rajkovic/220002,P. Rajković,Predrag Rajković,GK,78,83,16500000.0,20000.0,25,1995-10-31,191,85,379.0,Stade de Reims,French Ligue 1,1.0,GK,1.0,,2019-06-21,2023.0,51,Serbia,,,,Right,2,1,2,Medium/Medium,Normal (185+),No,34200000.0,,Long Passer (AI),,,,,,,13,9,13,26,8,8,14,10,25,18,30,18,32,73,29,56,35,26,66,10,25,10,4,42,20,32,11,10,10,77,76,74,79,81,25.0,24+2,24+2,24+2,21,23,23,23,21,24+2,24+2,24+2,22+2,25+2,25+2,25+2,22+2,21+2,24+2,24+2,24+2,21+2,20+2,22+2,22+2,22+2,20+2,77+2,https://cdn.sofifa.net/players/241/727/22_120.png,https://cdn.sofifa.net/teams/379/60.png,https://cdn.sofifa.net/flags/fr.png,,https://cdn.sofifa.net/flags/rs.png
6336,254840,https://sofifa.com/player/254840/strahinja-pavlovic/220002,S. Pavlović,Strahinja Pavlović,CB,69,80,2900000.0,13000.0,20,2001-05-24,194,84,69.0,AS Monaco,French Ligue 1,1.0,SUB,21.0,,2020-01-03,2024.0,51,Serbia,,,,Left,3,2,1,Medium/Medium,Normal (185+),No,6100000.0,,,62.0,43.0,50.0,62.0,68.0,75.0,53,43,71,60,25,63,24,38,58,68,56,66,45,66,38,56,62,63,84,36,72,70,34,31,43,68,66,70,65,12,14,8,10,13,,56+2,56+2,56+2,54,54,54,54,54,53+2,53+2,53+2,56+2,56+2,56+2,56+2,56+2,64+2,65+2,65+2,65+2,64+2,65+2,69+2,69+2,69+2,65+2,18+2,https://cdn.sofifa.net/players/254/840/22_120.png,https://cdn.sofifa.net/teams/69/60.png,https://cdn.sofifa.net/flags/fr.png,,https://cdn.sofifa.net/flags/rs.png
1416,238095,https://sofifa.com/player/238095/nikola-milenkovic/220002,N. Milenković,Nikola Milenković,"CB, RB",76,83,14000000.0,36000.0,23,1997-10-12,195,90,110374.0,Fiorentina,Italian Serie A,1.0,RCB,4.0,,2017-07-10,2023.0,51,Serbia,,,,Right,3,2,2,Medium/High,Normal (185+),No,26600000.0,,Solid Player,66.0,44.0,61.0,62.0,76.0,81.0,66,38,70,68,35,60,34,22,66,68,68,65,50,74,40,60,73,76,85,54,80,76,22,55,34,70,77,78,77,8,7,13,7,14,,56+2,56+2,56+2,58,56,56,56,58,58+2,58+2,58+2,61+2,63+2,63+2,63+2,61+2,72+2,73+2,73+2,73+2,72+2,73+2,76+2,76+2,76+2,73+2,16+2,https://cdn.sofifa.net/players/238/095/22_120.png,https://cdn.sofifa.net/teams/110374/60.png,https://cdn.sofifa.net/flags/it.png,,https://cdn.sofifa.net/flags/rs.png
850,244253,https://sofifa.com/player/244253/uros-racic/220002,U. Račić,Uroš Račić,"CM, CDM",78,85,28000000.0,31000.0,23,1998-03-17,193,81,461.0,Valencia CF,Spain Primera Division,1.0,LCM,8.0,,2018-07-01,2024.0,51,Serbia,,,,Right,4,3,1,Medium/Medium,Normal (185+),No,64400000.0,,,66.0,75.0,75.0,74.0,78.0,81.0,70,72,75,80,66,74,70,55,77,81,60,70,62,76,57,80,75,79,87,78,68,76,73,76,72,75,77,81,74,11,12,9,14,7,,75+2,75+2,75+2,74,75,75,75,74,75+2,75+2,75+2,74+2,78+2,78+2,78+2,74+2,76+2,78+2,78+2,78+2,76+2,75+2,77+2,77+2,77+2,75+2,18+2,https://cdn.sofifa.net/players/244/253/22_120.png,https://cdn.sofifa.net/teams/461/60.png,https://cdn.sofifa.net/flags/es.png,,https://cdn.sofifa.net/flags/rs.png
542,193198,https://sofifa.com/player/193198/nemanja-gudelj/220002,N. Gudelj,Nemanja Gudelj,"CDM, CM, CB",79,79,15000000.0,30000.0,29,1991-11-16,187,73,481.0,Sevilla FC,Spain Primera Division,1.0,SUB,6.0,,2019-07-23,2023.0,51,Serbia,,,,Right,2,3,2,Low/Medium,Normal (185+),No,31500000.0,,Long Shot Taker (AI),60.0,70.0,79.0,70.0,75.0,83.0,74,58,69,84,69,66,80,79,77,79,58,61,60,75,53,85,67,84,85,81,83,78,65,74,74,80,74,76,71,8,11,8,14,12,,70+2,70+2,70+2,70,71,71,71,70,72+2,72+2,72+2,72+2,77+2,77+2,77+2,72+2,75+2,78+1,78+1,78+1,75+2,74+2,76+2,76+2,76+2,74+2,18+2,https://cdn.sofifa.net/players/193/198/22_120.png,https://cdn.sofifa.net/teams/481/60.png,https://cdn.sofifa.net/flags/es.png,,https://cdn.sofifa.net/flags/rs.png
90,223848,https://sofifa.com/player/223848/sergej-milinkovic-savic/220002,S. Milinković-Savić,Sergej Milinković-Savić,"CM, CDM, CAM",85,87,66000000.0,100000.0,26,1995-02-27,191,76,46.0,Lazio,Italian Serie A,1.0,RCM,21.0,,2015-08-06,2024.0,51,Serbia,,,,Right,5,4,3,High/Medium,Normal (185+),Yes,117200000.0,,"Power Header, Outside Foot Shot",68.0,79.0,80.0,81.0,79.0,86.0,64,80,86,85,74,84,80,78,85,86,66,70,62,83,63,83,85,91,87,80,79,78,79,82,56,84,78,79,74,7,10,7,16,7,,81+3,81+3,81+3,79,81,81,81,79,81+3,81+3,81+3,80+3,84+3,84+3,84+3,80+3,78+3,82+3,82+3,82+3,78+3,78+3,81+3,81+3,81+3,78+3,18+3,https://cdn.sofifa.net/players/223/848/22_120.png,https://cdn.sofifa.net/teams/46/60.png,https://cdn.sofifa.net/flags/it.png,,https://cdn.sofifa.net/flags/rs.png
1280,212127,https://sofifa.com/player/212127/darko-lazovic/220002,D. Lazović,Darko Lazović,"LM, RM",76,76,7000000.0,26000.0,30,1990-09-15,181,66,206.0,Hellas Verona,Italian Serie A,1.0,LM,8.0,,2019-08-06,2022.0,51,Serbia,,,,Right,3,3,1,Medium/Medium,Lean (170-185),No,11900000.0,,"Speed Dribbler (AI), Outside Foot Shot",85.0,68.0,72.0,77.0,61.0,56.0,78,64,54,73,70,78,68,74,68,76,82,88,80,68,79,76,44,82,39,72,67,60,70,68,49,68,62,64,62,14,10,11,11,9,,69+2,69+2,69+2,75,73,73,73,75,73+2,73+2,73+2,75+1,71+2,71+2,71+2,75+1,72+2,67+2,67+2,67+2,72+2,70+2,61+2,61+2,61+2,70+2,17+2,https://cdn.sofifa.net/players/212/127/22_120.png,https://cdn.sofifa.net/teams/206/60.png,https://cdn.sofifa.net/flags/it.png,,https://cdn.sofifa.net/flags/rs.png
1930,243656,https://sofifa.com/player/243656/nemanja-radonjic/220002,N. Radonjić,Nemanja Radonjić,"LM, RM",75,78,7500000.0,32000.0,25,1996-02-15,185,76,234.0,SL Benfica,Portuguese Liga ZON SAGRES,1.0,SUB,23.0,Olympique de Marseille,,2022.0,51,Serbia,,,,Right,4,3,1,High/Low,Normal (185+),Yes,,,Speed Dribbler (AI),88.0,71.0,71.0,75.0,30.0,58.0,72,69,49,73,75,76,68,54,66,73,89,88,76,75,71,77,45,67,60,73,43,22,69,73,57,71,31,30,23,7,9,14,13,6,,71+2,71+2,71+2,75,74,74,74,75,74+2,74+2,74+2,74+2,67+2,67+2,67+2,74+2,56+2,51+2,51+2,51+2,56+2,52+2,42+2,42+2,42+2,52+2,16+2,https://cdn.sofifa.net/players/243/656/22_120.png,https://cdn.sofifa.net/teams/234/60.png,https://cdn.sofifa.net/flags/pt.png,,https://cdn.sofifa.net/flags/rs.png
1320,220746,https://sofifa.com/player/220746/andrija-zivkovic/220002,A. Živković,Andrija Živković,"RW, LW, RM",76,78,9500000.0,1000.0,24,1996-07-11,169,68,393.0,PAOK,Greek Super League,1.0,RW,14.0,,2020-09-08,2022.0,51,Serbia,,,,Left,3,4,1,High/Medium,Normal (170-),Yes,21600000.0,,"Finesse Shot, Long Shot Taker (AI), Giant Throw-in",78.0,73.0,74.0,81.0,56.0,57.0,76,74,46,74,66,82,83,71,65,81,81,76,75,69,88,78,55,63,54,70,58,64,70,76,68,80,49,64,50,9,11,8,6,6,,71+2,71+2,71+2,76,75,75,75,76,75+2,75+2,75+2,75+2,72+2,72+2,72+2,75+2,68+2,65+2,65+2,65+2,68+2,65+2,59+2,59+2,59+2,65+2,15+2,https://cdn.sofifa.net/players/220/746/22_120.png,https://cdn.sofifa.net/teams/393/60.png,https://cdn.sofifa.net/flags/gr.png,,https://cdn.sofifa.net/flags/rs.png
856,246430,https://sofifa.com/player/246430/dusan-vlahovic/220002,D. Vlahović,Dušan Vlahović,ST,78,85,29000000.0,43000.0,21,2000-01-28,190,75,110374.0,Fiorentina,Italian Serie A,1.0,ST,9.0,,2018-06-26,2023.0,51,Serbia,,,,Left,3,3,2,Medium/Medium,Normal (185+),No,55100000.0,,,75.0,78.0,58.0,73.0,28.0,76.0,50,83,75,68,68,74,66,37,50,80,73,76,61,78,52,78,68,79,82,70,58,22,82,60,74,68,18,26,24,5,15,6,11,10,,78+2,78+2,78+2,73,76,76,76,73,72+2,72+2,72+2,71+2,65+2,65+2,65+2,71+2,52+2,50+2,50+2,50+2,52+2,50+2,46+2,46+2,46+2,50+2,17+2,https://cdn.sofifa.net/players/246/430/22_120.png,https://cdn.sofifa.net/teams/110374/60.png,https://cdn.sofifa.net/flags/it.png,,https://cdn.sofifa.net/flags/rs.png
31,167948,https://sofifa.com/player/167948/hugo-lloris/220002,H. Lloris,Hugo Lloris,GK,87,87,13500000.0,125000.0,34,1986-12-26,188,82,18.0,Tottenham Hotspur,English Premier League,1.0,GK,1.0,,2012-08-31,2022.0,18,France,1335.0,GK,1.0,Left,1,1,4,Medium/Medium,Unique,Yes,25700000.0,,"Leadership, Team Player, Rushes Out Of Goal",,,,,,,13,10,10,50,11,10,11,10,50,34,61,62,55,85,54,49,74,41,43,14,31,27,10,50,40,65,29,10,18,88,83,65,84,90,61.0,31+3,31+3,31+3,33,34,34,34,33,38+3,38+3,38+3,36+3,39+3,39+3,39+3,36+3,35+3,38+3,38+3,38+3,35+3,34+3,30+3,30+3,30+3,34+3,85+2,https://cdn.sofifa.net/players/167/948/22_120.png,https://cdn.sofifa.net/teams/18/60.png,https://cdn.sofifa.net/flags/gb-eng.png,https://cdn.sofifa.net/teams/1335/60.png,https://cdn.sofifa.net/flags/fr.png
290,163705,https://sofifa.com/player/163705/steve-mandanda/220002,S. Mandanda,Steve Mandanda,GK,81,81,2900000.0,24000.0,36,1985-03-28,185,82,219.0,Olympique de Marseille,French Ligue 1,1.0,GK,30.0,,2017-07-11,2024.0,18,France,1335.0,SUB,16.0,Right,3,1,3,Medium/Medium,Normal (185+),Yes,5500000.0,,"Leadership, Team Player",,,,,,,14,13,13,46,13,19,13,12,36,27,53,43,52,80,36,59,69,31,61,7,37,23,11,55,11,62,13,15,13,80,80,78,81,81,49.0,31+3,31+3,31+3,32,34,34,34,32,36+3,36+3,36+3,34+3,36+3,36+3,36+3,34+3,30+3,34+3,34+3,34+3,30+3,29+3,29+3,29+3,29+3,29+3,80+1,https://cdn.sofifa.net/players/163/705/22_120.png,https://cdn.sofifa.net/teams/219/60.png,https://cdn.sofifa.net/flags/fr.png,https://cdn.sofifa.net/teams/1335/60.png,https://cdn.sofifa.net/flags/fr.png
216,193105,https://sofifa.com/player/193105/alphonse-areola/220002,A. Areola,Alphonse Areola,GK,82,84,26000000.0,75000.0,28,1993-02-27,195,94,19.0,West Ham United,English Premier League,1.0,SUB,13.0,Paris Saint-Germain,,2022.0,18,France,,,,Right,3,1,2,Medium/Medium,Unique,Yes,,,Comes For Crosses,,,,,,,20,19,14,48,16,15,16,16,37,22,56,54,58,78,58,57,72,38,80,14,26,23,17,51,25,64,13,18,12,85,79,76,80,85,55.0,34+2,34+2,34+2,33,34,34,34,33,36+2,36+2,36+2,35+2,36+2,36+2,36+2,35+2,32+2,34+2,34+2,34+2,32+2,31+2,31+2,31+2,31+2,31+2,81+2,https://cdn.sofifa.net/players/193/105/22_120.png,https://cdn.sofifa.net/teams/19/60.png,https://cdn.sofifa.net/flags/gb-eng.png,,https://cdn.sofifa.net/flags/fr.png
621,226851,https://sofifa.com/player/226851/benjamin-pavard/220002,B. Pavard,Benjamin Pavard,"RB, CB",79,82,21500000.0,64000.0,25,1996-03-28,186,81,21.0,FC Bayern München,German 1. Bundesliga,1.0,RB,5.0,,2019-07-01,2024.0,18,France,,,,Right,3,3,3,Low/High,Normal (185+),Yes,37100000.0,,,69.0,53.0,72.0,71.0,78.0,76.0,77,43,80,75,70,68,63,51,76,77,68,69,66,76,66,71,86,79,76,53,69,78,58,66,51,76,76,79,80,9,7,15,7,15,,66+3,66+3,66+3,67,66,66,66,67,68+3,68+3,68+3,70+3,72+3,72+3,72+3,70+3,76+3,76+3,76+3,76+3,76+3,77+3,77+3,77+3,77+3,77+3,17+3,https://cdn.sofifa.net/players/226/851/22_120.png,https://cdn.sofifa.net/teams/21/60.png,https://cdn.sofifa.net/flags/de.png,,https://cdn.sofifa.net/flags/fr.png
832,237678,https://sofifa.com/player/237678/ibrahima-konate/220002,I. Konaté,Ibrahima Konaté,CB,78,86,29500000.0,73000.0,22,1999-05-25,194,95,9.0,Liverpool,English Premier League,1.0,SUB,5.0,,2021-07-01,2026.0,18,France,,,,Right,2,3,2,Medium/High,Normal (185+),Yes,60500000.0,#Aerial Threat,Injury Prone,71.0,34.0,57.0,67.0,80.0,76.0,38,29,77,75,28,67,32,27,69,69,67,75,60,71,54,45,74,61,83,31,77,78,37,51,41,74,76,85,79,9,7,9,9,15,,55+2,55+2,55+2,57,57,57,57,57,60+2,60+2,60+2,60+2,64+2,64+2,64+2,60+2,69+2,74+2,74+2,74+2,69+2,72+2,78+2,78+2,78+2,72+2,17+2,https://cdn.sofifa.net/players/237/678/22_120.png,https://cdn.sofifa.net/teams/9/60.png,https://cdn.sofifa.net/flags/gb-eng.png,,https://cdn.sofifa.net/flags/fr.png
853,245630,https://sofifa.com/player/245630/youssouf-fofana/220002,Y. Fofana,Youssouf Fofana,"CM, CDM",78,83,21500000.0,43000.0,22,1999-01-10,176,69,69.0,AS Monaco,French Ligue 1,1.0,RCM,22.0,,2020-01-30,2024.0,18,France,,,,Right,3,3,2,Medium/High,Normal (170-185),No,42500000.0,,Team Player,71.0,67.0,74.0,77.0,74.0,78.0,66,64,58,79,46,77,66,48,77,78,71,71,72,79,77,76,62,84,76,69,77,79,74,77,64,76,74,79,69,12,7,12,5,9,,71+2,71+2,71+2,74,74,74,74,74,75+2,75+2,75+2,75+2,78+2,78+2,78+2,75+2,76+2,78+2,78+2,78+2,76+2,75+2,74+2,74+2,74+2,75+2,16+2,https://cdn.sofifa.net/players/245/630/22_120.png,https://cdn.sofifa.net/teams/69/60.png,https://cdn.sofifa.net/flags/fr.png,,https://cdn.sofifa.net/flags/fr.png
653,241637,https://sofifa.com/player/241637/aurelien-tchouameni/220002,A. Tchouaméni,Aurélien Tchouaméni,"CM, CDM",79,85,28000000.0,41000.0,21,2000-01-27,187,81,69.0,AS Monaco,French Ligue 1,1.0,LCM,8.0,,2020-01-30,2024.0,18,France,1335.0,SUB,24.0,Right,3,3,2,High/High,Normal (185+),No,58800000.0,,Long Passer (AI),72.0,69.0,75.0,77.0,77.0,82.0,65,67,73,80,50,77,68,53,79,79,70,73,75,79,69,76,74,85,82,72,78,78,79,78,55,78,77,79,71,9,8,12,12,7,,75+2,75+2,75+2,75,76,76,76,75,77+2,77+2,77+2,76+2,79+2,79+2,79+2,76+2,76+2,79+2,79+2,79+2,76+2,76+2,77+2,77+2,77+2,76+2,17+2,https://cdn.sofifa.net/players/241/637/22_120.png,https://cdn.sofifa.net/teams/69/60.png,https://cdn.sofifa.net/flags/fr.png,https://cdn.sofifa.net/teams/1335/60.png,https://cdn.sofifa.net/flags/fr.png
337,210008,https://sofifa.com/player/210008/adrien-rabiot/220002,A. Rabiot,Adrien Rabiot,"CM, CDM",81,82,30000000.0,87000.0,26,1995-04-03,192,80,45.0,Juventus,Italian Serie A,1.0,LDM,25.0,,2019-07-01,2023.0,18,France,1335.0,LCM,14.0,Left,3,3,2,Medium/Medium,Lean (185+),Yes,51800000.0,,,76.0,74.0,76.0,80.0,76.0,79.0,70,69,69,84,69,80,55,59,80,84,70,81,69,82,69,86,73,86,80,76,69,80,76,75,67,80,70,81,75,9,12,9,7,15,,77+2,77+2,77+2,77,78,78,78,77,79+2,79+2,79+2,78+2,81+1,81+1,81+1,78+2,79+2,80+2,80+2,80+2,79+2,78+2,77+2,77+2,77+2,78+2,19+2,https://cdn.sofifa.net/players/210/008/22_120.png,https://cdn.sofifa.net/teams/45/60.png,https://cdn.sofifa.net/flags/it.png,https://cdn.sofifa.net/teams/1335/60.png,https://cdn.sofifa.net/flags/fr.png
229,201519,https://sofifa.com/player/201519/jordan-veretout/220002,J. Veretout,Jordan Veretout,"CDM, CM",82,83,29500000.0,66000.0,28,1993-03-01,177,67,52.0,Roma,Italian Serie A,1.0,LDM,17.0,,2019-07-20,2024.0,18,France,1335.0,SUB,17.0,Right,3,3,2,Medium/Medium,Normal (170-185),Yes,52400000.0,,"Long Shot Taker (AI), Playmaker (AI)",77.0,75.0,77.0,79.0,77.0,81.0,69,69,59,85,72,76,69,71,80,82,84,72,76,79,81,83,74,85,79,80,84,77,69,74,85,82,79,81,77,9,10,11,8,9,,74+2,74+2,74+2,76,77,77,77,76,78+2,78+2,78+2,77+2,79+2,79+2,79+2,77+2,79+2,81+2,81+2,81+2,79+2,78+2,77+2,77+2,77+2,78+2,17+2,https://cdn.sofifa.net/players/201/519/22_120.png,https://cdn.sofifa.net/teams/52/60.png,https://cdn.sofifa.net/flags/it.png,https://cdn.sofifa.net/teams/1335/60.png,https://cdn.sofifa.net/flags/fr.png
859,248243,https://sofifa.com/player/248243/eduardo-camavinga/220002,E. Camavinga,Eduardo Camavinga,"CM, CDM",78,89,29500000.0,44000.0,18,2002-11-10,182,68,243.0,Real Madrid CF,Spain Primera Division,1.0,SUB,25.0,,2021-09-01,2027.0,18,France,,,,Left,3,4,3,High/High,Lean (170-185),Yes,66400000.0,,"Flair, Technical Dribbler (AI)",72.0,65.0,76.0,80.0,75.0,77.0,70,62,64,81,59,80,72,59,77,81,73,71,80,78,76,72,70,80,76,64,77,76,73,77,62,81,75,78,76,12,6,8,12,12,,72+3,72+3,72+3,75,75,75,75,75,76+3,76+3,76+3,76+3,78+3,78+3,78+3,76+3,77+3,78+3,78+3,78+3,77+3,76+3,75+3,75+3,75+3,76+3,18+3,https://cdn.sofifa.net/players/248/243/22_120.png,https://cdn.sofifa.net/teams/243/60.png,https://cdn.sofifa.net/flags/es.png,,https://cdn.sofifa.net/flags/fr.png
83,194765,https://sofifa.com/player/194765/antoine-griezmann/220002,A. Griezmann,Antoine Griezmann,"ST, LW, RW",85,85,53000000.0,220000.0,30,1991-03-21,176,73,240.0,Atlético de Madrid,Spain Primera Division,1.0,LS,17.0,FC Barcelona,,2022.0,18,France,1335.0,RW,7.0,Left,3,4,4,Medium/Medium,Unique,Yes,,#Acrobat,"Finesse Shot, Flair, Long Shot Taker (AI), Playmaker (AI), Outside Foot Shot, Chip Shot (AI), Technical Dribbler (AI)",80.0,84.0,84.0,87.0,52.0,72.0,83,84,83,84,86,85,86,85,82,89,80,80,92,89,83,82,90,86,63,83,73,49,89,85,79,90,43,54,49,14,8,14,13,14,,84+1,84+1,84+1,85,86-1,86-1,86-1,85,86-1,86-1,86-1,85,82+3,82+3,82+3,85,71+3,69+3,69+3,69+3,71+3,69+3,63+3,63+3,63+3,69+3,21+3,https://cdn.sofifa.net/players/194/765/22_120.png,https://cdn.sofifa.net/teams/240/60.png,https://cdn.sofifa.net/flags/es.png,https://cdn.sofifa.net/teams/1335/60.png,https://cdn.sofifa.net/flags/fr.png
520,178509,https://sofifa.com/player/178509/olivier-giroud/220002,O. Giroud,Olivier Giroud,ST,79,79,8500000.0,48000.0,34,1986-09-30,193,91,47.0,AC Milan,Italian Serie A,1.0,ST,9.0,,2021-07-17,2024.0,18,France,,,,Left,3,3,3,Medium/Medium,Normal (185+),Yes,14500000.0,"#Aerial Threat, #Strength","Flair, Outside Foot Shot, Team Player",39.0,80.0,70.0,71.0,42.0,77.0,64,82,90,75,82,69,70,65,58,81,34,43,54,81,53,84,82,54,88,66,76,42,82,77,90,79,37,37,20,12,15,11,6,5,,78+1,78+1,78+1,70,74,74,74,70,73+3,73+3,73+3,69+3,69+3,69+3,69+3,69+3,53+3,58+3,58+3,58+3,53+3,51+3,56+3,56+3,56+3,51+3,17+3,https://cdn.sofifa.net/players/178/509/22_120.png,https://cdn.sofifa.net/teams/47/60.png,https://cdn.sofifa.net/flags/it.png,,https://cdn.sofifa.net/flags/fr.png
6,231747,https://sofifa.com/player/231747/kylian-mbappe/220002,K. Mbappé,Kylian Mbappé Lottin,"ST, LW",91,95,194000000.0,230000.0,22,1998-12-20,182,73,73.0,Paris Saint-Germain,French Ligue 1,1.0,ST,7.0,,2018-07-01,2022.0,18,France,1335.0,LW,10.0,Right,4,5,4,High/Low,Unique,Yes,373500000.0,"#Speedster, #Dribbler, #Acrobat, #Clinical Finisher, #Complete Forward","Flair, Speed Dribbler (AI), Outside Foot Shot, Technical Dribbler (AI)",97.0,88.0,80.0,92.0,36.0,77.0,78,93,72,85,83,93,80,69,71,91,97,97,92,93,83,86,78,88,77,82,62,38,92,82,79,88,26,34,32,13,5,7,11,6,,89+3,89+3,89+3,90,90,90,90,90,89+3,89+3,89+3,89+3,81+3,81+3,81+3,89+3,67+3,63+3,63+3,63+3,67+3,63+3,54+3,54+3,54+3,63+3,18+3,https://cdn.sofifa.net/players/231/747/22_120.png,https://cdn.sofifa.net/teams/73/60.png,https://cdn.sofifa.net/flags/fr.png,https://cdn.sofifa.net/teams/1335/60.png,https://cdn.sofifa.net/flags/fr.png
2347,237679,https://sofifa.com/player/237679/randal-kolo-muani/220002,R. Kolo Muani,Randal Kolo Muani,"ST, RW, LW",74,82,9500000.0,21000.0,22,1998-12-05,187,73,71.0,FC Nantes,French Ligue 1,1.0,LS,23.0,,2017-07-01,2022.0,18,France,,,,Right,3,3,1,Medium/Medium,Lean (185+),No,20900000.0,,,82.0,69.0,60.0,77.0,31.0,61.0,37,72,75,73,64,81,62,54,62,78,84,81,78,70,52,71,73,67,69,63,31,22,74,60,62,69,28,24,31,7,14,15,8,5,,74+2,74+2,74+2,72,74,74,74,72,73+2,73+2,73+2,71+2,65+2,65+2,65+2,71+2,52+2,50+2,50+2,50+2,52+2,50+2,45+2,45+2,45+2,50+2,16+2,https://cdn.sofifa.net/players/237/679/22_120.png,https://cdn.sofifa.net/teams/71/60.png,https://cdn.sofifa.net/flags/fr.png,,https://cdn.sofifa.net/flags/fr.png
11,165153,https://sofifa.com/player/165153/karim-benzema/220002,K. Benzema,Karim Benzema,"CF, ST",89,89,66000000.0,350000.0,33,1987-12-19,185,81,243.0,Real Madrid CF,Spain Primera Division,1.0,CF,9.0,,2009-07-09,2023.0,18,France,1335.0,CF,19.0,Right,4,4,4,Medium/Medium,Normal (170-185),Yes,135300000.0,#Poacher,"Leadership, Finesse Shot, Playmaker (AI), Outside Foot Shot, Team Player",76.0,86.0,81.0,87.0,39.0,77.0,75,90,89,86,86,87,81,73,73,90,77,75,79,91,72,85,79,78,82,79,63,39,90,87,84,90,43,24,18,13,11,5,5,7,,87+2,87+2,87+2,85,87,87,87,85,86+3,86+3,86+3,84+3,80+3,80+3,80+3,84+3,63+3,62+3,62+3,62+3,63+3,59+3,55+3,55+3,55+3,59+3,18+3,https://cdn.sofifa.net/players/165/153/22_120.png,https://cdn.sofifa.net/teams/243/60.png,https://cdn.sofifa.net/flags/es.png,https://cdn.sofifa.net/teams/1335/60.png,https://cdn.sofifa.net/flags/fr.png
